column,value,count,pct,status
job_id,AIJOB1496,1,0.06666666666666667,OBSERVED
job_id,AIJOB1497,1,0.06666666666666667,OBSERVED
job_id,AIJOB1498,1,0.06666666666666667,OBSERVED
job_id,AIJOB1499,1,0.06666666666666667,OBSERVED
job_id,AIJOB1500,1,0.06666666666666667,OBSERVED
job_id,AIJOB1492,1,0.06666666666666667,OBSERVED
job_id,AIJOB1493,1,0.06666666666666667,OBSERVED
job_id,AIJOB1494,1,0.06666666666666667,OBSERVED
job_id,AIJOB1285,1,0.06666666666666667,OBSERVED
job_id,AIJOB1486,1,0.06666666666666667,OBSERVED
job_id,AIJOB0171,1,0.06666666666666667,OBSERVED
job_id,AIJOB1488,1,0.06666666666666667,OBSERVED
job_id,AIJOB0320,1,0.06666666666666667,OBSERVED
job_id,AIJOB1490,1,0.06666666666666667,OBSERVED
job_id,AIJOB1491,1,0.06666666666666667,OBSERVED
job_id,AIJOB1449,1,0.06666666666666667,OBSERVED
job_id,AIJOB1450,1,0.06666666666666667,OBSERVED
job_id,AIJOB1451,1,0.06666666666666667,OBSERVED
job_id,AIJOB1452,1,0.06666666666666667,OBSERVED
job_id,AIJOB1453,1,0.06666666666666667,OBSERVED
job_id,AIJOB1454,1,0.06666666666666667,OBSERVED
job_id,AIJOB0274,1,0.06666666666666667,OBSERVED
job_id,AIJOB1456,1,0.06666666666666667,OBSERVED
job_id,AIJOB0298,1,0.06666666666666667,OBSERVED
job_id,AIJOB1458,1,0.06666666666666667,OBSERVED
job_id,AIJOB1459,1,0.06666666666666667,OBSERVED
job_id,AIJOB1460,1,0.06666666666666667,OBSERVED
job_id,AIJOB0789,1,0.06666666666666667,OBSERVED
job_id,AIJOB1462,1,0.06666666666666667,OBSERVED
job_id,AIJOB1463,1,0.06666666666666667,OBSERVED
job_id,AIJOB0953,1,0.06666666666666667,OBSERVED
job_id,AIJOB1465,1,0.06666666666666667,OBSERVED
job_id,AIJOB1466,1,0.06666666666666667,OBSERVED
job_id,AIJOB1414,1,0.06666666666666667,OBSERVED
job_id,AIJOB1468,1,0.06666666666666667,OBSERVED
job_id,AIJOB1469,1,0.06666666666666667,OBSERVED
job_id,AIJOB1470,1,0.06666666666666667,OBSERVED
job_id,AIJOB1471,1,0.06666666666666667,OBSERVED
job_id,AIJOB1472,1,0.06666666666666667,OBSERVED
job_id,AIJOB1473,1,0.06666666666666667,OBSERVED
job_id,AIJOB1474,1,0.06666666666666667,OBSERVED
job_id,AIJOB1475,1,0.06666666666666667,OBSERVED
job_id,AIJOB0335,1,0.06666666666666667,OBSERVED
job_id,AIJOB0400,1,0.06666666666666667,OBSERVED
job_id,AIJOB0472,1,0.06666666666666667,OBSERVED
job_id,AIJOB1479,1,0.06666666666666667,OBSERVED
job_id,AIJOB1480,1,0.06666666666666667,OBSERVED
job_id,AIJOB1481,1,0.06666666666666667,OBSERVED
job_id,AIJOB1482,1,0.06666666666666667,OBSERVED
job_id,AIJOB0520,1,0.06666666666666667,OBSERVED
job_id,AIJOB0918,1,0.06666666666666667,OBSERVED
job_id,AIJOB0014,1,0.06666666666666667,OBSERVED
job_id,AIJOB1162,1,0.06666666666666667,OBSERVED
job_id,AIJOB1420,1,0.06666666666666667,OBSERVED
job_id,AIJOB1421,1,0.06666666666666667,OBSERVED
job_id,AIJOB1347,1,0.06666666666666667,OBSERVED
job_id,AIJOB1423,1,0.06666666666666667,OBSERVED
job_id,AIJOB0088,1,0.06666666666666667,OBSERVED
job_id,AIJOB0158,1,0.06666666666666667,OBSERVED
job_id,AIJOB1426,1,0.06666666666666667,OBSERVED
job_id,AIJOB1427,1,0.06666666666666667,OBSERVED
job_id,AIJOB1428,1,0.06666666666666667,OBSERVED
job_id,AIJOB1429,1,0.06666666666666667,OBSERVED
job_id,AIJOB1430,1,0.06666666666666667,OBSERVED
job_id,AIJOB1431,1,0.06666666666666667,OBSERVED
job_id,AIJOB1432,1,0.06666666666666667,OBSERVED
job_id,AIJOB1433,1,0.06666666666666667,OBSERVED
job_id,AIJOB1434,1,0.06666666666666667,OBSERVED
job_id,AIJOB1435,1,0.06666666666666667,OBSERVED
job_id,AIJOB1436,1,0.06666666666666667,OBSERVED
job_id,AIJOB1437,1,0.06666666666666667,OBSERVED
job_id,AIJOB1438,1,0.06666666666666667,OBSERVED
job_id,AIJOB1439,1,0.06666666666666667,OBSERVED
job_id,AIJOB1440,1,0.06666666666666667,OBSERVED
job_id,AIJOB1441,1,0.06666666666666667,OBSERVED
job_id,AIJOB1442,1,0.06666666666666667,OBSERVED
job_id,AIJOB1443,1,0.06666666666666667,OBSERVED
job_id,AIJOB1444,1,0.06666666666666667,OBSERVED
job_id,AIJOB1445,1,0.06666666666666667,OBSERVED
job_id,AIJOB1446,1,0.06666666666666667,OBSERVED
job_id,AIJOB1447,1,0.06666666666666667,OBSERVED
job_id,AIJOB0229,1,0.06666666666666667,OBSERVED
job_id,AIJOB1321,1,0.06666666666666667,OBSERVED
job_id,AIJOB1322,1,0.06666666666666667,OBSERVED
job_id,AIJOB1323,1,0.06666666666666667,OBSERVED
job_id,AIJOB1324,1,0.06666666666666667,OBSERVED
job_id,AIJOB1325,1,0.06666666666666667,OBSERVED
job_id,AIJOB1326,1,0.06666666666666667,OBSERVED
job_id,AIJOB1327,1,0.06666666666666667,OBSERVED
job_id,AIJOB1328,1,0.06666666666666667,OBSERVED
job_id,AIJOB1329,1,0.06666666666666667,OBSERVED
job_id,AIJOB1330,1,0.06666666666666667,OBSERVED
job_id,AIJOB0358,1,0.06666666666666667,OBSERVED
job_id,AIJOB1332,1,0.06666666666666667,OBSERVED
job_id,AIJOB1333,1,0.06666666666666667,OBSERVED
job_id,AIJOB1334,1,0.06666666666666667,OBSERVED
job_id,AIJOB0378,1,0.06666666666666667,OBSERVED
job_id,AIJOB1336,1,0.06666666666666667,OBSERVED
job_id,AIJOB1337,1,0.06666666666666667,OBSERVED
job_id,AIJOB1338,1,0.06666666666666667,OBSERVED
job_id,AIJOB1339,1,0.06666666666666667,OBSERVED
job_id,AIJOB1340,1,0.06666666666666667,OBSERVED
job_id,AIJOB1341,1,0.06666666666666667,OBSERVED
job_id,AIJOB1342,1,0.06666666666666667,OBSERVED
job_id,AIJOB1343,1,0.06666666666666667,OBSERVED
job_id,AIJOB1344,1,0.06666666666666667,OBSERVED
job_id,AIJOB1345,1,0.06666666666666667,OBSERVED
job_id,AIJOB1346,1,0.06666666666666667,OBSERVED
job_id,AIJOB0445,1,0.06666666666666667,OBSERVED
job_id,AIJOB0561,1,0.06666666666666667,OBSERVED
job_id,AIJOB1349,1,0.06666666666666667,OBSERVED
job_id,AIJOB0637,1,0.06666666666666667,OBSERVED
job_id,AIJOB0695,1,0.06666666666666667,OBSERVED
job_id,AIJOB0830,1,0.06666666666666667,OBSERVED
job_id,AIJOB1353,1,0.06666666666666667,OBSERVED
job_id,AIJOB1354,1,0.06666666666666667,OBSERVED
job_id,AIJOB1355,1,0.06666666666666667,OBSERVED
job_id,AIJOB1356,1,0.06666666666666667,OBSERVED
job_id,AIJOB0879,1,0.06666666666666667,OBSERVED
job_id,AIJOB0893,1,0.06666666666666667,OBSERVED
job_id,AIJOB1359,1,0.06666666666666667,OBSERVED
job_id,AIJOB0947,1,0.06666666666666667,OBSERVED
job_id,AIJOB1361,1,0.06666666666666667,OBSERVED
job_id,AIJOB1362,1,0.06666666666666667,OBSERVED
job_id,AIJOB1363,1,0.06666666666666667,OBSERVED
job_id,AIJOB1364,1,0.06666666666666667,OBSERVED
job_id,AIJOB0984,1,0.06666666666666667,OBSERVED
job_id,AIJOB1366,1,0.06666666666666667,OBSERVED
job_id,AIJOB1367,1,0.06666666666666667,OBSERVED
job_id,AIJOB1368,1,0.06666666666666667,OBSERVED
job_id,AIJOB0996,1,0.06666666666666667,OBSERVED
job_id,AIJOB1019,1,0.06666666666666667,OBSERVED
job_id,AIJOB1371,1,0.06666666666666667,OBSERVED
job_id,AIJOB1079,1,0.06666666666666667,OBSERVED
job_id,AIJOB1373,1,0.06666666666666667,OBSERVED
job_id,AIJOB1374,1,0.06666666666666667,OBSERVED
job_id,AIJOB1375,1,0.06666666666666667,OBSERVED
job_id,AIJOB1376,1,0.06666666666666667,OBSERVED
job_id,AIJOB1107,1,0.06666666666666667,OBSERVED
job_id,AIJOB1378,1,0.06666666666666667,OBSERVED
job_id,AIJOB1379,1,0.06666666666666667,OBSERVED
job_id,AIJOB1380,1,0.06666666666666667,OBSERVED
job_id,AIJOB1381,1,0.06666666666666667,OBSERVED
job_id,AIJOB1235,1,0.06666666666666667,OBSERVED
job_id,AIJOB1383,1,0.06666666666666667,OBSERVED
job_id,AIJOB1244,1,0.06666666666666667,OBSERVED
job_id,AIJOB1385,1,0.06666666666666667,OBSERVED
job_id,AIJOB1314,1,0.06666666666666667,OBSERVED
job_id,AIJOB1387,1,0.06666666666666667,OBSERVED
job_id,AIJOB1388,1,0.06666666666666667,OBSERVED
job_id,AIJOB1389,1,0.06666666666666667,OBSERVED
job_id,AIJOB1320,1,0.06666666666666667,OBSERVED
job_id,AIJOB1357,1,0.06666666666666667,OBSERVED
job_id,AIJOB1392,1,0.06666666666666667,OBSERVED
job_id,AIJOB1393,1,0.06666666666666667,OBSERVED
job_id,AIJOB1394,1,0.06666666666666667,OBSERVED
job_id,AIJOB1360,1,0.06666666666666667,OBSERVED
job_id,AIJOB1396,1,0.06666666666666667,OBSERVED
job_id,AIJOB1397,1,0.06666666666666667,OBSERVED
job_id,AIJOB1398,1,0.06666666666666667,OBSERVED
job_id,AIJOB1399,1,0.06666666666666667,OBSERVED
job_id,AIJOB1400,1,0.06666666666666667,OBSERVED
job_id,AIJOB1401,1,0.06666666666666667,OBSERVED
job_id,AIJOB1402,1,0.06666666666666667,OBSERVED
job_id,AIJOB1403,1,0.06666666666666667,OBSERVED
job_id,AIJOB1404,1,0.06666666666666667,OBSERVED
job_id,AIJOB1384,1,0.06666666666666667,OBSERVED
job_id,AIJOB1406,1,0.06666666666666667,OBSERVED
job_id,AIJOB1407,1,0.06666666666666667,OBSERVED
job_id,AIJOB1408,1,0.06666666666666667,OBSERVED
job_id,AIJOB1409,1,0.06666666666666667,OBSERVED
job_id,AIJOB0464,1,0.06666666666666667,OBSERVED
job_id,AIJOB1411,1,0.06666666666666667,OBSERVED
job_id,AIJOB0497,1,0.06666666666666667,OBSERVED
job_id,AIJOB1413,1,0.06666666666666667,OBSERVED
job_id,AIJOB0517,1,0.06666666666666667,OBSERVED
job_id,AIJOB0779,1,0.06666666666666667,OBSERVED
job_id,AIJOB0816,1,0.06666666666666667,OBSERVED
job_id,AIJOB1417,1,0.06666666666666667,OBSERVED
job_id,AIJOB1418,1,0.06666666666666667,OBSERVED
job_id,AIJOB1201,1,0.06666666666666667,OBSERVED
job_id,AIJOB1202,1,0.06666666666666667,OBSERVED
job_id,AIJOB1203,1,0.06666666666666667,OBSERVED
job_id,AIJOB1204,1,0.06666666666666667,OBSERVED
job_id,AIJOB1205,1,0.06666666666666667,OBSERVED
job_id,AIJOB1206,1,0.06666666666666667,OBSERVED
job_id,AIJOB1207,1,0.06666666666666667,OBSERVED
job_id,AIJOB1208,1,0.06666666666666667,OBSERVED
job_id,AIJOB1319,1,0.06666666666666667,OBSERVED
job_id,AIJOB1210,1,0.06666666666666667,OBSERVED
job_id,AIJOB1211,1,0.06666666666666667,OBSERVED
job_id,AIJOB1212,1,0.06666666666666667,OBSERVED
job_id,AIJOB1358,1,0.06666666666666667,OBSERVED
job_id,AIJOB1214,1,0.06666666666666667,OBSERVED
job_id,AIJOB1215,1,0.06666666666666667,OBSERVED
job_id,AIJOB1216,1,0.06666666666666667,OBSERVED
job_id,AIJOB1217,1,0.06666666666666667,OBSERVED
job_id,AIJOB1218,1,0.06666666666666667,OBSERVED
job_id,AIJOB1369,1,0.06666666666666667,OBSERVED
job_id,AIJOB1220,1,0.06666666666666667,OBSERVED
job_id,AIJOB1221,1,0.06666666666666667,OBSERVED
job_id,AIJOB1222,1,0.06666666666666667,OBSERVED
job_id,AIJOB0060,1,0.06666666666666667,OBSERVED
job_id,AIJOB0095,1,0.06666666666666667,OBSERVED
job_id,AIJOB1225,1,0.06666666666666667,OBSERVED
job_id,AIJOB1226,1,0.06666666666666667,OBSERVED
job_id,AIJOB1227,1,0.06666666666666667,OBSERVED
job_id,AIJOB0134,1,0.06666666666666667,OBSERVED
job_id,AIJOB1229,1,0.06666666666666667,OBSERVED
job_id,AIJOB0217,1,0.06666666666666667,OBSERVED
job_id,AIJOB1231,1,0.06666666666666667,OBSERVED
job_id,AIJOB1232,1,0.06666666666666667,OBSERVED
job_id,AIJOB1233,1,0.06666666666666667,OBSERVED
job_id,AIJOB0248,1,0.06666666666666667,OBSERVED
job_id,AIJOB0262,1,0.06666666666666667,OBSERVED
job_id,AIJOB1236,1,0.06666666666666667,OBSERVED
job_id,AIJOB0323,1,0.06666666666666667,OBSERVED
job_id,AIJOB0437,1,0.06666666666666667,OBSERVED
job_id,AIJOB1239,1,0.06666666666666667,OBSERVED
job_id,AIJOB1240,1,0.06666666666666667,OBSERVED
job_id,AIJOB0526,1,0.06666666666666667,OBSERVED
job_id,AIJOB1242,1,0.06666666666666667,OBSERVED
job_id,AIJOB1243,1,0.06666666666666667,OBSERVED
job_id,AIJOB0582,1,0.06666666666666667,OBSERVED
job_id,AIJOB1245,1,0.06666666666666667,OBSERVED
job_id,AIJOB0662,1,0.06666666666666667,OBSERVED
job_id,AIJOB1247,1,0.06666666666666667,OBSERVED
job_id,AIJOB0811,1,0.06666666666666667,OBSERVED
job_id,AIJOB1249,1,0.06666666666666667,OBSERVED
job_id,AIJOB1250,1,0.06666666666666667,OBSERVED
job_id,AIJOB1251,1,0.06666666666666667,OBSERVED
job_id,AIJOB1252,1,0.06666666666666667,OBSERVED
job_id,AIJOB1253,1,0.06666666666666667,OBSERVED
job_id,AIJOB1254,1,0.06666666666666667,OBSERVED
job_id,AIJOB1255,1,0.06666666666666667,OBSERVED
job_id,AIJOB1256,1,0.06666666666666667,OBSERVED
job_id,AIJOB1257,1,0.06666666666666667,OBSERVED
job_id,AIJOB1258,1,0.06666666666666667,OBSERVED
job_id,AIJOB1259,1,0.06666666666666667,OBSERVED
job_id,AIJOB1260,1,0.06666666666666667,OBSERVED
job_id,AIJOB1261,1,0.06666666666666667,OBSERVED
job_id,AIJOB1262,1,0.06666666666666667,OBSERVED
job_id,AIJOB1263,1,0.06666666666666667,OBSERVED
job_id,AIJOB1264,1,0.06666666666666667,OBSERVED
job_id,AIJOB1265,1,0.06666666666666667,OBSERVED
job_id,AIJOB1266,1,0.06666666666666667,OBSERVED
job_id,AIJOB0905,1,0.06666666666666667,OBSERVED
job_id,AIJOB1268,1,0.06666666666666667,OBSERVED
job_id,AIJOB0923,1,0.06666666666666667,OBSERVED
job_id,AIJOB0961,1,0.06666666666666667,OBSERVED
job_id,AIJOB0973,1,0.06666666666666667,OBSERVED
job_id,AIJOB1272,1,0.06666666666666667,OBSERVED
job_id,AIJOB0991,1,0.06666666666666667,OBSERVED
job_id,AIJOB1274,1,0.06666666666666667,OBSERVED
job_id,AIJOB1037,1,0.06666666666666667,OBSERVED
job_id,AIJOB1276,1,0.06666666666666667,OBSERVED
job_id,AIJOB1277,1,0.06666666666666667,OBSERVED
job_id,AIJOB1278,1,0.06666666666666667,OBSERVED
job_id,AIJOB1144,1,0.06666666666666667,OBSERVED
job_id,AIJOB1280,1,0.06666666666666667,OBSERVED
job_id,AIJOB1281,1,0.06666666666666667,OBSERVED
job_id,AIJOB1282,1,0.06666666666666667,OBSERVED
job_id,AIJOB1283,1,0.06666666666666667,OBSERVED
job_id,AIJOB1241,1,0.06666666666666667,OBSERVED
job_id,AIJOB1348,1,0.06666666666666667,OBSERVED
job_id,AIJOB1372,1,0.06666666666666667,OBSERVED
job_id,AIJOB1287,1,0.06666666666666667,OBSERVED
job_id,AIJOB1288,1,0.06666666666666667,OBSERVED
job_id,AIJOB1289,1,0.06666666666666667,OBSERVED
job_id,AIJOB1290,1,0.06666666666666667,OBSERVED
job_id,AIJOB1405,1,0.06666666666666667,OBSERVED
job_id,AIJOB1410,1,0.06666666666666667,OBSERVED
job_id,AIJOB1293,1,0.06666666666666667,OBSERVED
job_id,AIJOB1294,1,0.06666666666666667,OBSERVED
job_id,AIJOB1295,1,0.06666666666666667,OBSERVED
job_id,AIJOB1296,1,0.06666666666666667,OBSERVED
job_id,AIJOB1297,1,0.06666666666666667,OBSERVED
job_id,AIJOB1298,1,0.06666666666666667,OBSERVED
job_id,AIJOB1299,1,0.06666666666666667,OBSERVED
job_id,AIJOB1300,1,0.06666666666666667,OBSERVED
job_id,AIJOB1461,1,0.06666666666666667,OBSERVED
job_id,AIJOB1302,1,0.06666666666666667,OBSERVED
job_id,AIJOB1303,1,0.06666666666666667,OBSERVED
job_id,AIJOB1304,1,0.06666666666666667,OBSERVED
job_id,AIJOB1305,1,0.06666666666666667,OBSERVED
job_id,AIJOB1306,1,0.06666666666666667,OBSERVED
job_id,AIJOB1307,1,0.06666666666666667,OBSERVED
job_id,AIJOB1478,1,0.06666666666666667,OBSERVED
job_id,AIJOB1309,1,0.06666666666666667,OBSERVED
job_id,AIJOB1310,1,0.06666666666666667,OBSERVED
job_id,AIJOB1484,1,0.06666666666666667,OBSERVED
job_id,AIJOB1312,1,0.06666666666666667,OBSERVED
job_id,AIJOB1485,1,0.06666666666666667,OBSERVED
job_id,AIJOB0042,1,0.06666666666666667,OBSERVED
job_id,AIJOB0054,1,0.06666666666666667,OBSERVED
job_id,AIJOB1316,1,0.06666666666666667,OBSERVED
job_id,AIJOB1317,1,0.06666666666666667,OBSERVED
job_id,AIJOB1318,1,0.06666666666666667,OBSERVED
job_id,AIJOB0286,1,0.06666666666666667,OBSERVED
job_id,AIJOB0308,1,0.06666666666666667,OBSERVED
job_id,AIJOB1027,1,0.06666666666666667,OBSERVED
job_id,AIJOB1028,1,0.06666666666666667,OBSERVED
job_id,AIJOB1390,1,0.06666666666666667,OBSERVED
job_id,AIJOB1464,1,0.06666666666666667,OBSERVED
job_id,AIJOB1467,1,0.06666666666666667,OBSERVED
job_id,AIJOB1032,1,0.06666666666666667,OBSERVED
job_id,AIJOB1033,1,0.06666666666666667,OBSERVED
job_id,AIJOB1477,1,0.06666666666666667,OBSERVED
job_id,AIJOB0027,1,0.06666666666666667,OBSERVED
job_id,AIJOB1036,1,0.06666666666666667,OBSERVED
job_id,AIJOB0058,1,0.06666666666666667,OBSERVED
job_id,AIJOB1038,1,0.06666666666666667,OBSERVED
job_id,AIJOB1039,1,0.06666666666666667,OBSERVED
job_id,AIJOB1040,1,0.06666666666666667,OBSERVED
job_id,AIJOB1041,1,0.06666666666666667,OBSERVED
job_id,AIJOB1042,1,0.06666666666666667,OBSERVED
job_id,AIJOB0071,1,0.06666666666666667,OBSERVED
job_id,AIJOB1044,1,0.06666666666666667,OBSERVED
job_id,AIJOB1045,1,0.06666666666666667,OBSERVED
job_id,AIJOB0113,1,0.06666666666666667,OBSERVED
job_id,AIJOB1047,1,0.06666666666666667,OBSERVED
job_id,AIJOB1048,1,0.06666666666666667,OBSERVED
job_id,AIJOB1049,1,0.06666666666666667,OBSERVED
job_id,AIJOB1050,1,0.06666666666666667,OBSERVED
job_id,AIJOB1051,1,0.06666666666666667,OBSERVED
job_id,AIJOB1052,1,0.06666666666666667,OBSERVED
job_id,AIJOB1053,1,0.06666666666666667,OBSERVED
job_id,AIJOB1054,1,0.06666666666666667,OBSERVED
job_id,AIJOB1055,1,0.06666666666666667,OBSERVED
job_id,AIJOB0128,1,0.06666666666666667,OBSERVED
job_id,AIJOB1057,1,0.06666666666666667,OBSERVED
job_id,AIJOB1058,1,0.06666666666666667,OBSERVED
job_id,AIJOB0145,1,0.06666666666666667,OBSERVED
job_id,AIJOB1060,1,0.06666666666666667,OBSERVED
job_id,AIJOB1061,1,0.06666666666666667,OBSERVED
job_id,AIJOB0261,1,0.06666666666666667,OBSERVED
job_id,AIJOB1063,1,0.06666666666666667,OBSERVED
job_id,AIJOB1064,1,0.06666666666666667,OBSERVED
job_id,AIJOB1065,1,0.06666666666666667,OBSERVED
job_id,AIJOB1066,1,0.06666666666666667,OBSERVED
job_id,AIJOB1067,1,0.06666666666666667,OBSERVED
job_id,AIJOB1068,1,0.06666666666666667,OBSERVED
job_id,AIJOB1069,1,0.06666666666666667,OBSERVED
job_id,AIJOB1070,1,0.06666666666666667,OBSERVED
job_id,AIJOB1071,1,0.06666666666666667,OBSERVED
job_id,AIJOB1072,1,0.06666666666666667,OBSERVED
job_id,AIJOB1073,1,0.06666666666666667,OBSERVED
job_id,AIJOB1074,1,0.06666666666666667,OBSERVED
job_id,AIJOB0271,1,0.06666666666666667,OBSERVED
job_id,AIJOB0405,1,0.06666666666666667,OBSERVED
job_id,AIJOB1077,1,0.06666666666666667,OBSERVED
job_id,AIJOB0467,1,0.06666666666666667,OBSERVED
job_id,AIJOB0531,1,0.06666666666666667,OBSERVED
job_id,AIJOB1080,1,0.06666666666666667,OBSERVED
job_id,AIJOB0565,1,0.06666666666666667,OBSERVED
job_id,AIJOB1082,1,0.06666666666666667,OBSERVED
job_id,AIJOB0573,1,0.06666666666666667,OBSERVED
job_id,AIJOB0664,1,0.06666666666666667,OBSERVED
job_id,AIJOB1085,1,0.06666666666666667,OBSERVED
job_id,AIJOB1086,1,0.06666666666666667,OBSERVED
job_id,AIJOB1087,1,0.06666666666666667,OBSERVED
job_id,AIJOB0665,1,0.06666666666666667,OBSERVED
job_id,AIJOB1089,1,0.06666666666666667,OBSERVED
job_id,AIJOB1090,1,0.06666666666666667,OBSERVED
job_id,AIJOB1091,1,0.06666666666666667,OBSERVED
job_id,AIJOB1092,1,0.06666666666666667,OBSERVED
job_id,AIJOB1093,1,0.06666666666666667,OBSERVED
job_id,AIJOB1094,1,0.06666666666666667,OBSERVED
job_id,AIJOB0667,1,0.06666666666666667,OBSERVED
job_id,AIJOB1096,1,0.06666666666666667,OBSERVED
job_id,AIJOB1097,1,0.06666666666666667,OBSERVED
job_id,AIJOB1098,1,0.06666666666666667,OBSERVED
job_id,AIJOB1099,1,0.06666666666666667,OBSERVED
job_id,AIJOB1100,1,0.06666666666666667,OBSERVED
job_id,AIJOB1101,1,0.06666666666666667,OBSERVED
job_id,AIJOB1102,1,0.06666666666666667,OBSERVED
job_id,AIJOB1103,1,0.06666666666666667,OBSERVED
job_id,AIJOB1104,1,0.06666666666666667,OBSERVED
job_id,AIJOB0719,1,0.06666666666666667,OBSERVED
job_id,AIJOB1106,1,0.06666666666666667,OBSERVED
job_id,AIJOB0746,1,0.06666666666666667,OBSERVED
job_id,AIJOB1108,1,0.06666666666666667,OBSERVED
job_id,AIJOB0856,1,0.06666666666666667,OBSERVED
job_id,AIJOB1110,1,0.06666666666666667,OBSERVED
job_id,AIJOB1111,1,0.06666666666666667,OBSERVED
job_id,AIJOB1112,1,0.06666666666666667,OBSERVED
job_id,AIJOB1113,1,0.06666666666666667,OBSERVED
job_id,AIJOB0857,1,0.06666666666666667,OBSERVED
job_id,AIJOB1115,1,0.06666666666666667,OBSERVED
job_id,AIJOB1116,1,0.06666666666666667,OBSERVED
job_id,AIJOB1117,1,0.06666666666666667,OBSERVED
job_id,AIJOB0861,1,0.06666666666666667,OBSERVED
job_id,AIJOB0978,1,0.06666666666666667,OBSERVED
job_id,AIJOB1120,1,0.06666666666666667,OBSERVED
job_id,AIJOB1121,1,0.06666666666666667,OBSERVED
job_id,AIJOB1122,1,0.06666666666666667,OBSERVED
job_id,AIJOB1123,1,0.06666666666666667,OBSERVED
job_id,AIJOB1012,1,0.06666666666666667,OBSERVED
job_id,AIJOB1125,1,0.06666666666666667,OBSERVED
job_id,AIJOB1126,1,0.06666666666666667,OBSERVED
job_id,AIJOB1127,1,0.06666666666666667,OBSERVED
job_id,AIJOB1029,1,0.06666666666666667,OBSERVED
job_id,AIJOB1129,1,0.06666666666666667,OBSERVED
job_id,AIJOB1130,1,0.06666666666666667,OBSERVED
job_id,AIJOB1131,1,0.06666666666666667,OBSERVED
job_id,AIJOB1132,1,0.06666666666666667,OBSERVED
job_id,AIJOB1030,1,0.06666666666666667,OBSERVED
job_id,AIJOB1134,1,0.06666666666666667,OBSERVED
job_id,AIJOB1135,1,0.06666666666666667,OBSERVED
job_id,AIJOB1136,1,0.06666666666666667,OBSERVED
job_id,AIJOB1034,1,0.06666666666666667,OBSERVED
job_id,AIJOB1138,1,0.06666666666666667,OBSERVED
job_id,AIJOB1043,1,0.06666666666666667,OBSERVED
job_id,AIJOB1140,1,0.06666666666666667,OBSERVED
job_id,AIJOB1141,1,0.06666666666666667,OBSERVED
job_id,AIJOB1142,1,0.06666666666666667,OBSERVED
job_id,AIJOB1143,1,0.06666666666666667,OBSERVED
job_id,AIJOB1046,1,0.06666666666666667,OBSERVED
job_id,AIJOB1145,1,0.06666666666666667,OBSERVED
job_id,AIJOB1146,1,0.06666666666666667,OBSERVED
job_id,AIJOB1147,1,0.06666666666666667,OBSERVED
job_id,AIJOB1148,1,0.06666666666666667,OBSERVED
job_id,AIJOB1062,1,0.06666666666666667,OBSERVED
job_id,AIJOB1150,1,0.06666666666666667,OBSERVED
job_id,AIJOB1151,1,0.06666666666666667,OBSERVED
job_id,AIJOB1152,1,0.06666666666666667,OBSERVED
job_id,AIJOB1153,1,0.06666666666666667,OBSERVED
job_id,AIJOB1154,1,0.06666666666666667,OBSERVED
job_id,AIJOB1155,1,0.06666666666666667,OBSERVED
job_id,AIJOB1156,1,0.06666666666666667,OBSERVED
job_id,AIJOB1157,1,0.06666666666666667,OBSERVED
job_id,AIJOB1158,1,0.06666666666666667,OBSERVED
job_id,AIJOB1159,1,0.06666666666666667,OBSERVED
job_id,AIJOB1081,1,0.06666666666666667,OBSERVED
job_id,AIJOB1161,1,0.06666666666666667,OBSERVED
job_id,AIJOB1083,1,0.06666666666666667,OBSERVED
job_id,AIJOB1163,1,0.06666666666666667,OBSERVED
job_id,AIJOB1164,1,0.06666666666666667,OBSERVED
job_id,AIJOB1165,1,0.06666666666666667,OBSERVED
job_id,AIJOB1166,1,0.06666666666666667,OBSERVED
job_id,AIJOB1133,1,0.06666666666666667,OBSERVED
job_id,AIJOB1167,1,0.06666666666666667,OBSERVED
job_id,AIJOB1169,1,0.06666666666666667,OBSERVED
job_id,AIJOB1170,1,0.06666666666666667,OBSERVED
job_id,AIJOB1171,1,0.06666666666666667,OBSERVED
job_id,AIJOB1172,1,0.06666666666666667,OBSERVED
job_id,AIJOB1173,1,0.06666666666666667,OBSERVED
job_id,AIJOB1179,1,0.06666666666666667,OBSERVED
job_id,AIJOB1175,1,0.06666666666666667,OBSERVED
job_id,AIJOB1176,1,0.06666666666666667,OBSERVED
job_id,AIJOB1177,1,0.06666666666666667,OBSERVED
job_id,AIJOB1178,1,0.06666666666666667,OBSERVED
job_id,AIJOB1190,1,0.06666666666666667,OBSERVED
job_id,AIJOB1180,1,0.06666666666666667,OBSERVED
job_id,AIJOB1181,1,0.06666666666666667,OBSERVED
job_id,AIJOB1182,1,0.06666666666666667,OBSERVED
job_id,AIJOB1224,1,0.06666666666666667,OBSERVED
job_id,AIJOB1184,1,0.06666666666666667,OBSERVED
job_id,AIJOB1230,1,0.06666666666666667,OBSERVED
job_id,AIJOB1270,1,0.06666666666666667,OBSERVED
job_id,AIJOB1187,1,0.06666666666666667,OBSERVED
job_id,AIJOB1188,1,0.06666666666666667,OBSERVED
job_id,AIJOB1189,1,0.06666666666666667,OBSERVED
job_id,AIJOB1275,1,0.06666666666666667,OBSERVED
job_id,AIJOB1313,1,0.06666666666666667,OBSERVED
job_id,AIJOB1192,1,0.06666666666666667,OBSERVED
job_id,AIJOB1193,1,0.06666666666666667,OBSERVED
job_id,AIJOB1194,1,0.06666666666666667,OBSERVED
job_id,AIJOB1195,1,0.06666666666666667,OBSERVED
job_id,AIJOB1196,1,0.06666666666666667,OBSERVED
job_id,AIJOB1197,1,0.06666666666666667,OBSERVED
job_id,AIJOB1198,1,0.06666666666666667,OBSERVED
job_id,AIJOB1199,1,0.06666666666666667,OBSERVED
job_id,AIJOB1200,1,0.06666666666666667,OBSERVED
job_id,AIJOB0924,1,0.06666666666666667,OBSERVED
job_id,AIJOB0927,1,0.06666666666666667,OBSERVED
job_id,AIJOB0832,1,0.06666666666666667,OBSERVED
job_id,AIJOB0976,1,0.06666666666666667,OBSERVED
job_id,AIJOB0986,1,0.06666666666666667,OBSERVED
job_id,AIJOB0835,1,0.06666666666666667,OBSERVED
job_id,AIJOB0836,1,0.06666666666666667,OBSERVED
job_id,AIJOB0837,1,0.06666666666666667,OBSERVED
job_id,AIJOB0838,1,0.06666666666666667,OBSERVED
job_id,AIJOB0839,1,0.06666666666666667,OBSERVED
job_id,AIJOB0840,1,0.06666666666666667,OBSERVED
job_id,AIJOB0989,1,0.06666666666666667,OBSERVED
job_id,AIJOB0842,1,0.06666666666666667,OBSERVED
job_id,AIJOB0843,1,0.06666666666666667,OBSERVED
job_id,AIJOB0844,1,0.06666666666666667,OBSERVED
job_id,AIJOB1015,1,0.06666666666666667,OBSERVED
job_id,AIJOB0846,1,0.06666666666666667,OBSERVED
job_id,AIJOB0847,1,0.06666666666666667,OBSERVED
job_id,AIJOB0848,1,0.06666666666666667,OBSERVED
job_id,AIJOB0849,1,0.06666666666666667,OBSERVED
job_id,AIJOB0850,1,0.06666666666666667,OBSERVED
job_id,AIJOB0851,1,0.06666666666666667,OBSERVED
job_id,AIJOB0852,1,0.06666666666666667,OBSERVED
job_id,AIJOB1105,1,0.06666666666666667,OBSERVED
job_id,AIJOB0854,1,0.06666666666666667,OBSERVED
job_id,AIJOB0855,1,0.06666666666666667,OBSERVED
job_id,AIJOB1119,1,0.06666666666666667,OBSERVED
job_id,AIJOB1174,1,0.06666666666666667,OBSERVED
job_id,AIJOB0858,1,0.06666666666666667,OBSERVED
job_id,AIJOB1209,1,0.06666666666666667,OBSERVED
job_id,AIJOB0860,1,0.06666666666666667,OBSERVED
job_id,AIJOB1219,1,0.06666666666666667,OBSERVED
job_id,AIJOB0862,1,0.06666666666666667,OBSERVED
job_id,AIJOB0863,1,0.06666666666666667,OBSERVED
job_id,AIJOB1248,1,0.06666666666666667,OBSERVED
job_id,AIJOB0865,1,0.06666666666666667,OBSERVED
job_id,AIJOB0866,1,0.06666666666666667,OBSERVED
job_id,AIJOB1301,1,0.06666666666666667,OBSERVED
job_id,AIJOB1391,1,0.06666666666666667,OBSERVED
job_id,AIJOB0869,1,0.06666666666666667,OBSERVED
job_id,AIJOB0870,1,0.06666666666666667,OBSERVED
job_id,AIJOB0871,1,0.06666666666666667,OBSERVED
job_id,AIJOB0872,1,0.06666666666666667,OBSERVED
job_id,AIJOB1419,1,0.06666666666666667,OBSERVED
job_id,AIJOB0874,1,0.06666666666666667,OBSERVED
job_id,AIJOB1455,1,0.06666666666666667,OBSERVED
job_id,AIJOB0876,1,0.06666666666666667,OBSERVED
job_id,AIJOB0877,1,0.06666666666666667,OBSERVED
job_id,AIJOB0878,1,0.06666666666666667,OBSERVED
job_id,AIJOB1487,1,0.06666666666666667,OBSERVED
job_id,AIJOB0880,1,0.06666666666666667,OBSERVED
job_id,AIJOB0881,1,0.06666666666666667,OBSERVED
job_id,AIJOB0882,1,0.06666666666666667,OBSERVED
job_id,AIJOB0883,1,0.06666666666666667,OBSERVED
job_id,AIJOB1489,1,0.06666666666666667,OBSERVED
job_id,AIJOB0885,1,0.06666666666666667,OBSERVED
job_id,AIJOB0886,1,0.06666666666666667,OBSERVED
job_id,AIJOB0887,1,0.06666666666666667,OBSERVED
job_id,AIJOB0888,1,0.06666666666666667,OBSERVED
job_id,AIJOB0889,1,0.06666666666666667,OBSERVED
job_id,AIJOB0890,1,0.06666666666666667,OBSERVED
job_id,AIJOB0891,1,0.06666666666666667,OBSERVED
job_id,AIJOB0011,1,0.06666666666666667,OBSERVED
job_id,AIJOB0041,1,0.06666666666666667,OBSERVED
job_id,AIJOB0894,1,0.06666666666666667,OBSERVED
job_id,AIJOB0895,1,0.06666666666666667,OBSERVED
job_id,AIJOB0896,1,0.06666666666666667,OBSERVED
job_id,AIJOB0897,1,0.06666666666666667,OBSERVED
job_id,AIJOB0898,1,0.06666666666666667,OBSERVED
job_id,AIJOB0152,1,0.06666666666666667,OBSERVED
job_id,AIJOB0178,1,0.06666666666666667,OBSERVED
job_id,AIJOB0901,1,0.06666666666666667,OBSERVED
job_id,AIJOB0902,1,0.06666666666666667,OBSERVED
job_id,AIJOB0903,1,0.06666666666666667,OBSERVED
job_id,AIJOB0904,1,0.06666666666666667,OBSERVED
job_id,AIJOB0215,1,0.06666666666666667,OBSERVED
job_id,AIJOB0906,1,0.06666666666666667,OBSERVED
job_id,AIJOB0907,1,0.06666666666666667,OBSERVED
job_id,AIJOB0908,1,0.06666666666666667,OBSERVED
job_id,AIJOB0909,1,0.06666666666666667,OBSERVED
job_id,AIJOB0910,1,0.06666666666666667,OBSERVED
job_id,AIJOB0911,1,0.06666666666666667,OBSERVED
job_id,AIJOB0912,1,0.06666666666666667,OBSERVED
job_id,AIJOB0913,1,0.06666666666666667,OBSERVED
job_id,AIJOB0276,1,0.06666666666666667,OBSERVED
job_id,AIJOB0281,1,0.06666666666666667,OBSERVED
job_id,AIJOB0916,1,0.06666666666666667,OBSERVED
job_id,AIJOB0917,1,0.06666666666666667,OBSERVED
job_id,AIJOB0333,1,0.06666666666666667,OBSERVED
job_id,AIJOB0369,1,0.06666666666666667,OBSERVED
job_id,AIJOB0920,1,0.06666666666666667,OBSERVED
job_id,AIJOB0376,1,0.06666666666666667,OBSERVED
job_id,AIJOB0922,1,0.06666666666666667,OBSERVED
job_id,AIJOB0379,1,0.06666666666666667,OBSERVED
job_id,AIJOB0383,1,0.06666666666666667,OBSERVED
job_id,AIJOB0925,1,0.06666666666666667,OBSERVED
job_id,AIJOB0926,1,0.06666666666666667,OBSERVED
job_id,AIJOB0450,1,0.06666666666666667,OBSERVED
job_id,AIJOB0928,1,0.06666666666666667,OBSERVED
job_id,AIJOB0929,1,0.06666666666666667,OBSERVED
job_id,AIJOB0930,1,0.06666666666666667,OBSERVED
job_id,AIJOB0931,1,0.06666666666666667,OBSERVED
job_id,AIJOB0932,1,0.06666666666666667,OBSERVED
job_id,AIJOB0933,1,0.06666666666666667,OBSERVED
job_id,AIJOB0934,1,0.06666666666666667,OBSERVED
job_id,AIJOB0935,1,0.06666666666666667,OBSERVED
job_id,AIJOB0936,1,0.06666666666666667,OBSERVED
job_id,AIJOB0937,1,0.06666666666666667,OBSERVED
job_id,AIJOB0938,1,0.06666666666666667,OBSERVED
job_id,AIJOB0939,1,0.06666666666666667,OBSERVED
job_id,AIJOB0940,1,0.06666666666666667,OBSERVED
job_id,AIJOB0941,1,0.06666666666666667,OBSERVED
job_id,AIJOB0942,1,0.06666666666666667,OBSERVED
job_id,AIJOB0943,1,0.06666666666666667,OBSERVED
job_id,AIJOB0944,1,0.06666666666666667,OBSERVED
job_id,AIJOB0945,1,0.06666666666666667,OBSERVED
job_id,AIJOB0946,1,0.06666666666666667,OBSERVED
job_id,AIJOB0466,1,0.06666666666666667,OBSERVED
job_id,AIJOB0948,1,0.06666666666666667,OBSERVED
job_id,AIJOB0949,1,0.06666666666666667,OBSERVED
job_id,AIJOB0504,1,0.06666666666666667,OBSERVED
job_id,AIJOB0951,1,0.06666666666666667,OBSERVED
job_id,AIJOB0952,1,0.06666666666666667,OBSERVED
job_id,AIJOB0518,1,0.06666666666666667,OBSERVED
job_id,AIJOB0954,1,0.06666666666666667,OBSERVED
job_id,AIJOB0955,1,0.06666666666666667,OBSERVED
job_id,AIJOB0523,1,0.06666666666666667,OBSERVED
job_id,AIJOB0604,1,0.06666666666666667,OBSERVED
job_id,AIJOB0749,1,0.06666666666666667,OBSERVED
job_id,AIJOB0959,1,0.06666666666666667,OBSERVED
job_id,AIJOB0818,1,0.06666666666666667,OBSERVED
job_id,AIJOB0845,1,0.06666666666666667,OBSERVED
job_id,AIJOB0962,1,0.06666666666666667,OBSERVED
job_id,AIJOB0963,1,0.06666666666666667,OBSERVED
job_id,AIJOB0964,1,0.06666666666666667,OBSERVED
job_id,AIJOB0965,1,0.06666666666666667,OBSERVED
job_id,AIJOB0867,1,0.06666666666666667,OBSERVED
job_id,AIJOB0967,1,0.06666666666666667,OBSERVED
job_id,AIJOB0968,1,0.06666666666666667,OBSERVED
job_id,AIJOB0969,1,0.06666666666666667,OBSERVED
job_id,AIJOB0970,1,0.06666666666666667,OBSERVED
job_id,AIJOB0958,1,0.06666666666666667,OBSERVED
job_id,AIJOB0972,1,0.06666666666666667,OBSERVED
job_id,AIJOB0994,1,0.06666666666666667,OBSERVED
job_id,AIJOB0974,1,0.06666666666666667,OBSERVED
job_id,AIJOB0975,1,0.06666666666666667,OBSERVED
job_id,AIJOB1088,1,0.06666666666666667,OBSERVED
job_id,AIJOB0977,1,0.06666666666666667,OBSERVED
job_id,AIJOB1109,1,0.06666666666666667,OBSERVED
job_id,AIJOB0979,1,0.06666666666666667,OBSERVED
job_id,AIJOB0980,1,0.06666666666666667,OBSERVED
job_id,AIJOB0981,1,0.06666666666666667,OBSERVED
job_id,AIJOB1149,1,0.06666666666666667,OBSERVED
job_id,AIJOB0983,1,0.06666666666666667,OBSERVED
job_id,AIJOB1160,1,0.06666666666666667,OBSERVED
job_id,AIJOB0985,1,0.06666666666666667,OBSERVED
job_id,AIJOB1183,1,0.06666666666666667,OBSERVED
job_id,AIJOB0987,1,0.06666666666666667,OBSERVED
job_id,AIJOB0988,1,0.06666666666666667,OBSERVED
job_id,AIJOB1238,1,0.06666666666666667,OBSERVED
job_id,AIJOB0990,1,0.06666666666666667,OBSERVED
job_id,AIJOB1269,1,0.06666666666666667,OBSERVED
job_id,AIJOB1271,1,0.06666666666666667,OBSERVED
job_id,AIJOB0993,1,0.06666666666666667,OBSERVED
job_id,AIJOB1286,1,0.06666666666666667,OBSERVED
job_id,AIJOB0995,1,0.06666666666666667,OBSERVED
job_id,AIJOB1292,1,0.06666666666666667,OBSERVED
job_id,AIJOB0997,1,0.06666666666666667,OBSERVED
job_id,AIJOB0998,1,0.06666666666666667,OBSERVED
job_id,AIJOB0999,1,0.06666666666666667,OBSERVED
job_id,AIJOB1000,1,0.06666666666666667,OBSERVED
job_id,AIJOB1001,1,0.06666666666666667,OBSERVED
job_id,AIJOB1002,1,0.06666666666666667,OBSERVED
job_id,AIJOB1003,1,0.06666666666666667,OBSERVED
job_id,AIJOB1315,1,0.06666666666666667,OBSERVED
job_id,AIJOB1005,1,0.06666666666666667,OBSERVED
job_id,AIJOB1006,1,0.06666666666666667,OBSERVED
job_id,AIJOB1007,1,0.06666666666666667,OBSERVED
job_id,AIJOB1008,1,0.06666666666666667,OBSERVED
job_id,AIJOB1009,1,0.06666666666666667,OBSERVED
job_id,AIJOB1010,1,0.06666666666666667,OBSERVED
job_id,AIJOB1011,1,0.06666666666666667,OBSERVED
job_id,AIJOB1351,1,0.06666666666666667,OBSERVED
job_id,AIJOB1013,1,0.06666666666666667,OBSERVED
job_id,AIJOB1014,1,0.06666666666666667,OBSERVED
job_id,AIJOB1352,1,0.06666666666666667,OBSERVED
job_id,AIJOB1016,1,0.06666666666666667,OBSERVED
job_id,AIJOB1017,1,0.06666666666666667,OBSERVED
job_id,AIJOB1018,1,0.06666666666666667,OBSERVED
job_id,AIJOB1377,1,0.06666666666666667,OBSERVED
job_id,AIJOB1020,1,0.06666666666666667,OBSERVED
job_id,AIJOB1021,1,0.06666666666666667,OBSERVED
job_id,AIJOB1386,1,0.06666666666666667,OBSERVED
job_id,AIJOB1023,1,0.06666666666666667,OBSERVED
job_id,AIJOB1024,1,0.06666666666666667,OBSERVED
job_id,AIJOB1025,1,0.06666666666666667,OBSERVED
job_id,AIJOB1026,1,0.06666666666666667,OBSERVED
job_id,AIJOB0622,1,0.06666666666666667,OBSERVED
job_id,AIJOB0623,1,0.06666666666666667,OBSERVED
job_id,AIJOB0624,1,0.06666666666666667,OBSERVED
job_id,AIJOB0625,1,0.06666666666666667,OBSERVED
job_id,AIJOB0626,1,0.06666666666666667,OBSERVED
job_id,AIJOB0627,1,0.06666666666666667,OBSERVED
job_id,AIJOB0628,1,0.06666666666666667,OBSERVED
job_id,AIJOB0629,1,0.06666666666666667,OBSERVED
job_id,AIJOB0630,1,0.06666666666666667,OBSERVED
job_id,AIJOB0631,1,0.06666666666666667,OBSERVED
job_id,AIJOB0632,1,0.06666666666666667,OBSERVED
job_id,AIJOB0633,1,0.06666666666666667,OBSERVED
job_id,AIJOB0634,1,0.06666666666666667,OBSERVED
job_id,AIJOB0635,1,0.06666666666666667,OBSERVED
job_id,AIJOB0636,1,0.06666666666666667,OBSERVED
job_id,AIJOB0992,1,0.06666666666666667,OBSERVED
job_id,AIJOB1004,1,0.06666666666666667,OBSERVED
job_id,AIJOB0639,1,0.06666666666666667,OBSERVED
job_id,AIJOB0640,1,0.06666666666666667,OBSERVED
job_id,AIJOB1056,1,0.06666666666666667,OBSERVED
job_id,AIJOB1059,1,0.06666666666666667,OBSERVED
job_id,AIJOB0643,1,0.06666666666666667,OBSERVED
job_id,AIJOB0644,1,0.06666666666666667,OBSERVED
job_id,AIJOB0645,1,0.06666666666666667,OBSERVED
job_id,AIJOB0646,1,0.06666666666666667,OBSERVED
job_id,AIJOB0647,1,0.06666666666666667,OBSERVED
job_id,AIJOB0648,1,0.06666666666666667,OBSERVED
job_id,AIJOB0649,1,0.06666666666666667,OBSERVED
job_id,AIJOB1139,1,0.06666666666666667,OBSERVED
job_id,AIJOB0651,1,0.06666666666666667,OBSERVED
job_id,AIJOB1228,1,0.06666666666666667,OBSERVED
job_id,AIJOB0653,1,0.06666666666666667,OBSERVED
job_id,AIJOB0654,1,0.06666666666666667,OBSERVED
job_id,AIJOB0655,1,0.06666666666666667,OBSERVED
job_id,AIJOB0656,1,0.06666666666666667,OBSERVED
job_id,AIJOB1237,1,0.06666666666666667,OBSERVED
job_id,AIJOB0658,1,0.06666666666666667,OBSERVED
job_id,AIJOB1246,1,0.06666666666666667,OBSERVED
job_id,AIJOB0660,1,0.06666666666666667,OBSERVED
job_id,AIJOB0661,1,0.06666666666666667,OBSERVED
job_id,AIJOB1273,1,0.06666666666666667,OBSERVED
job_id,AIJOB0663,1,0.06666666666666667,OBSERVED
job_id,AIJOB1284,1,0.06666666666666667,OBSERVED
job_id,AIJOB1370,1,0.06666666666666667,OBSERVED
job_id,AIJOB1382,1,0.06666666666666667,OBSERVED
job_id,AIJOB1416,1,0.06666666666666667,OBSERVED
job_id,AIJOB0668,1,0.06666666666666667,OBSERVED
job_id,AIJOB0669,1,0.06666666666666667,OBSERVED
job_id,AIJOB0670,1,0.06666666666666667,OBSERVED
job_id,AIJOB0671,1,0.06666666666666667,OBSERVED
job_id,AIJOB0672,1,0.06666666666666667,OBSERVED
job_id,AIJOB0673,1,0.06666666666666667,OBSERVED
job_id,AIJOB0674,1,0.06666666666666667,OBSERVED
job_id,AIJOB0675,1,0.06666666666666667,OBSERVED
job_id,AIJOB0676,1,0.06666666666666667,OBSERVED
job_id,AIJOB0677,1,0.06666666666666667,OBSERVED
job_id,AIJOB1457,1,0.06666666666666667,OBSERVED
job_id,AIJOB1495,1,0.06666666666666667,OBSERVED
job_id,AIJOB0680,1,0.06666666666666667,OBSERVED
job_id,AIJOB0681,1,0.06666666666666667,OBSERVED
job_id,AIJOB0682,1,0.06666666666666667,OBSERVED
job_id,AIJOB0683,1,0.06666666666666667,OBSERVED
job_id,AIJOB0017,1,0.06666666666666667,OBSERVED
job_id,AIJOB0034,1,0.06666666666666667,OBSERVED
job_id,AIJOB0686,1,0.06666666666666667,OBSERVED
job_id,AIJOB0687,1,0.06666666666666667,OBSERVED
job_id,AIJOB0688,1,0.06666666666666667,OBSERVED
job_id,AIJOB0689,1,0.06666666666666667,OBSERVED
job_id,AIJOB0690,1,0.06666666666666667,OBSERVED
job_id,AIJOB0691,1,0.06666666666666667,OBSERVED
job_id,AIJOB0057,1,0.06666666666666667,OBSERVED
job_id,AIJOB0061,1,0.06666666666666667,OBSERVED
job_id,AIJOB0694,1,0.06666666666666667,OBSERVED
job_id,AIJOB0123,1,0.06666666666666667,OBSERVED
job_id,AIJOB0156,1,0.06666666666666667,OBSERVED
job_id,AIJOB0697,1,0.06666666666666667,OBSERVED
job_id,AIJOB0698,1,0.06666666666666667,OBSERVED
job_id,AIJOB0181,1,0.06666666666666667,OBSERVED
job_id,AIJOB0198,1,0.06666666666666667,OBSERVED
job_id,AIJOB0701,1,0.06666666666666667,OBSERVED
job_id,AIJOB0702,1,0.06666666666666667,OBSERVED
job_id,AIJOB0703,1,0.06666666666666667,OBSERVED
job_id,AIJOB0704,1,0.06666666666666667,OBSERVED
job_id,AIJOB0705,1,0.06666666666666667,OBSERVED
job_id,AIJOB0706,1,0.06666666666666667,OBSERVED
job_id,AIJOB0707,1,0.06666666666666667,OBSERVED
job_id,AIJOB0708,1,0.06666666666666667,OBSERVED
job_id,AIJOB0709,1,0.06666666666666667,OBSERVED
job_id,AIJOB0710,1,0.06666666666666667,OBSERVED
job_id,AIJOB0209,1,0.06666666666666667,OBSERVED
job_id,AIJOB0712,1,0.06666666666666667,OBSERVED
job_id,AIJOB0713,1,0.06666666666666667,OBSERVED
job_id,AIJOB0714,1,0.06666666666666667,OBSERVED
job_id,AIJOB0715,1,0.06666666666666667,OBSERVED
job_id,AIJOB0716,1,0.06666666666666667,OBSERVED
job_id,AIJOB0717,1,0.06666666666666667,OBSERVED
job_id,AIJOB0718,1,0.06666666666666667,OBSERVED
job_id,AIJOB0221,1,0.06666666666666667,OBSERVED
job_id,AIJOB0720,1,0.06666666666666667,OBSERVED
job_id,AIJOB0721,1,0.06666666666666667,OBSERVED
job_id,AIJOB0244,1,0.06666666666666667,OBSERVED
job_id,AIJOB0723,1,0.06666666666666667,OBSERVED
job_id,AIJOB0724,1,0.06666666666666667,OBSERVED
job_id,AIJOB0725,1,0.06666666666666667,OBSERVED
job_id,AIJOB0726,1,0.06666666666666667,OBSERVED
job_id,AIJOB0266,1,0.06666666666666667,OBSERVED
job_id,AIJOB0728,1,0.06666666666666667,OBSERVED
job_id,AIJOB0272,1,0.06666666666666667,OBSERVED
job_id,AIJOB0730,1,0.06666666666666667,OBSERVED
job_id,AIJOB0731,1,0.06666666666666667,OBSERVED
job_id,AIJOB0732,1,0.06666666666666667,OBSERVED
job_id,AIJOB0733,1,0.06666666666666667,OBSERVED
job_id,AIJOB0734,1,0.06666666666666667,OBSERVED
job_id,AIJOB0735,1,0.06666666666666667,OBSERVED
job_id,AIJOB0736,1,0.06666666666666667,OBSERVED
job_id,AIJOB0737,1,0.06666666666666667,OBSERVED
job_id,AIJOB0738,1,0.06666666666666667,OBSERVED
job_id,AIJOB0739,1,0.06666666666666667,OBSERVED
job_id,AIJOB0348,1,0.06666666666666667,OBSERVED
job_id,AIJOB0741,1,0.06666666666666667,OBSERVED
job_id,AIJOB0742,1,0.06666666666666667,OBSERVED
job_id,AIJOB0743,1,0.06666666666666667,OBSERVED
job_id,AIJOB0451,1,0.06666666666666667,OBSERVED
job_id,AIJOB0456,1,0.06666666666666667,OBSERVED
job_id,AIJOB0476,1,0.06666666666666667,OBSERVED
job_id,AIJOB0486,1,0.06666666666666667,OBSERVED
job_id,AIJOB0748,1,0.06666666666666667,OBSERVED
job_id,AIJOB0542,1,0.06666666666666667,OBSERVED
job_id,AIJOB0750,1,0.06666666666666667,OBSERVED
job_id,AIJOB0751,1,0.06666666666666667,OBSERVED
job_id,AIJOB0752,1,0.06666666666666667,OBSERVED
job_id,AIJOB0753,1,0.06666666666666667,OBSERVED
job_id,AIJOB0754,1,0.06666666666666667,OBSERVED
job_id,AIJOB0638,1,0.06666666666666667,OBSERVED
job_id,AIJOB0756,1,0.06666666666666667,OBSERVED
job_id,AIJOB0757,1,0.06666666666666667,OBSERVED
job_id,AIJOB0758,1,0.06666666666666667,OBSERVED
job_id,AIJOB0759,1,0.06666666666666667,OBSERVED
job_id,AIJOB0760,1,0.06666666666666667,OBSERVED
job_id,AIJOB0761,1,0.06666666666666667,OBSERVED
job_id,AIJOB0762,1,0.06666666666666667,OBSERVED
job_id,AIJOB0763,1,0.06666666666666667,OBSERVED
job_id,AIJOB0764,1,0.06666666666666667,OBSERVED
job_id,AIJOB0765,1,0.06666666666666667,OBSERVED
job_id,AIJOB0766,1,0.06666666666666667,OBSERVED
job_id,AIJOB0641,1,0.06666666666666667,OBSERVED
job_id,AIJOB0768,1,0.06666666666666667,OBSERVED
job_id,AIJOB0769,1,0.06666666666666667,OBSERVED
job_id,AIJOB0770,1,0.06666666666666667,OBSERVED
job_id,AIJOB0771,1,0.06666666666666667,OBSERVED
job_id,AIJOB0772,1,0.06666666666666667,OBSERVED
job_id,AIJOB0773,1,0.06666666666666667,OBSERVED
job_id,AIJOB0774,1,0.06666666666666667,OBSERVED
job_id,AIJOB0775,1,0.06666666666666667,OBSERVED
job_id,AIJOB0642,1,0.06666666666666667,OBSERVED
job_id,AIJOB0777,1,0.06666666666666667,OBSERVED
job_id,AIJOB0778,1,0.06666666666666667,OBSERVED
job_id,AIJOB0657,1,0.06666666666666667,OBSERVED
job_id,AIJOB0659,1,0.06666666666666667,OBSERVED
job_id,AIJOB0781,1,0.06666666666666667,OBSERVED
job_id,AIJOB0782,1,0.06666666666666667,OBSERVED
job_id,AIJOB0783,1,0.06666666666666667,OBSERVED
job_id,AIJOB0784,1,0.06666666666666667,OBSERVED
job_id,AIJOB0785,1,0.06666666666666667,OBSERVED
job_id,AIJOB0786,1,0.06666666666666667,OBSERVED
job_id,AIJOB0787,1,0.06666666666666667,OBSERVED
job_id,AIJOB0788,1,0.06666666666666667,OBSERVED
job_id,AIJOB0722,1,0.06666666666666667,OBSERVED
job_id,AIJOB0727,1,0.06666666666666667,OBSERVED
job_id,AIJOB0791,1,0.06666666666666667,OBSERVED
job_id,AIJOB0792,1,0.06666666666666667,OBSERVED
job_id,AIJOB0793,1,0.06666666666666667,OBSERVED
job_id,AIJOB0794,1,0.06666666666666667,OBSERVED
job_id,AIJOB0795,1,0.06666666666666667,OBSERVED
job_id,AIJOB0796,1,0.06666666666666667,OBSERVED
job_id,AIJOB0797,1,0.06666666666666667,OBSERVED
job_id,AIJOB0798,1,0.06666666666666667,OBSERVED
job_id,AIJOB0799,1,0.06666666666666667,OBSERVED
job_id,AIJOB0800,1,0.06666666666666667,OBSERVED
job_id,AIJOB0801,1,0.06666666666666667,OBSERVED
job_id,AIJOB0802,1,0.06666666666666667,OBSERVED
job_id,AIJOB0803,1,0.06666666666666667,OBSERVED
job_id,AIJOB0804,1,0.06666666666666667,OBSERVED
job_id,AIJOB0805,1,0.06666666666666667,OBSERVED
job_id,AIJOB0806,1,0.06666666666666667,OBSERVED
job_id,AIJOB0744,1,0.06666666666666667,OBSERVED
job_id,AIJOB0829,1,0.06666666666666667,OBSERVED
job_id,AIJOB0809,1,0.06666666666666667,OBSERVED
job_id,AIJOB0841,1,0.06666666666666667,OBSERVED
job_id,AIJOB0875,1,0.06666666666666667,OBSERVED
job_id,AIJOB0812,1,0.06666666666666667,OBSERVED
job_id,AIJOB0813,1,0.06666666666666667,OBSERVED
job_id,AIJOB0814,1,0.06666666666666667,OBSERVED
job_id,AIJOB0815,1,0.06666666666666667,OBSERVED
job_id,AIJOB0892,1,0.06666666666666667,OBSERVED
job_id,AIJOB0817,1,0.06666666666666667,OBSERVED
job_id,AIJOB0900,1,0.06666666666666667,OBSERVED
job_id,AIJOB0819,1,0.06666666666666667,OBSERVED
job_id,AIJOB0820,1,0.06666666666666667,OBSERVED
job_id,AIJOB0821,1,0.06666666666666667,OBSERVED
job_id,AIJOB0822,1,0.06666666666666667,OBSERVED
job_id,AIJOB0823,1,0.06666666666666667,OBSERVED
job_id,AIJOB0914,1,0.06666666666666667,OBSERVED
job_id,AIJOB0825,1,0.06666666666666667,OBSERVED
job_id,AIJOB0826,1,0.06666666666666667,OBSERVED
job_id,AIJOB0827,1,0.06666666666666667,OBSERVED
job_id,AIJOB0828,1,0.06666666666666667,OBSERVED
job_id,AIJOB0919,1,0.06666666666666667,OBSERVED
job_id,AIJOB0444,1,0.06666666666666667,OBSERVED
job_id,AIJOB1424,1,0.06666666666666667,OBSERVED
job_id,AIJOB0446,1,0.06666666666666667,OBSERVED
job_id,AIJOB0447,1,0.06666666666666667,OBSERVED
job_id,AIJOB0448,1,0.06666666666666667,OBSERVED
job_id,AIJOB0449,1,0.06666666666666667,OBSERVED
job_id,AIJOB1448,1,0.06666666666666667,OBSERVED
job_id,AIJOB1476,1,0.06666666666666667,OBSERVED
job_id,AIJOB0452,1,0.06666666666666667,OBSERVED
job_id,AIJOB0453,1,0.06666666666666667,OBSERVED
job_id,AIJOB0454,1,0.06666666666666667,OBSERVED
job_id,AIJOB0455,1,0.06666666666666667,OBSERVED
job_id,AIJOB1483,1,0.06666666666666667,OBSERVED
job_id,AIJOB0457,1,0.06666666666666667,OBSERVED
job_id,AIJOB0458,1,0.06666666666666667,OBSERVED
job_id,AIJOB0459,1,0.06666666666666667,OBSERVED
job_id,AIJOB0460,1,0.06666666666666667,OBSERVED
job_id,AIJOB0006,1,0.06666666666666667,OBSERVED
job_id,AIJOB0462,1,0.06666666666666667,OBSERVED
job_id,AIJOB0463,1,0.06666666666666667,OBSERVED
job_id,AIJOB0053,1,0.06666666666666667,OBSERVED
job_id,AIJOB0465,1,0.06666666666666667,OBSERVED
job_id,AIJOB0055,1,0.06666666666666667,OBSERVED
job_id,AIJOB0065,1,0.06666666666666667,OBSERVED
job_id,AIJOB0468,1,0.06666666666666667,OBSERVED
job_id,AIJOB0469,1,0.06666666666666667,OBSERVED
job_id,AIJOB0470,1,0.06666666666666667,OBSERVED
job_id,AIJOB0471,1,0.06666666666666667,OBSERVED
job_id,AIJOB0069,1,0.06666666666666667,OBSERVED
job_id,AIJOB0473,1,0.06666666666666667,OBSERVED
job_id,AIJOB0474,1,0.06666666666666667,OBSERVED
job_id,AIJOB0475,1,0.06666666666666667,OBSERVED
job_id,AIJOB0078,1,0.06666666666666667,OBSERVED
job_id,AIJOB0098,1,0.06666666666666667,OBSERVED
job_id,AIJOB0478,1,0.06666666666666667,OBSERVED
job_id,AIJOB0479,1,0.06666666666666667,OBSERVED
job_id,AIJOB0480,1,0.06666666666666667,OBSERVED
job_id,AIJOB0481,1,0.06666666666666667,OBSERVED
job_id,AIJOB0482,1,0.06666666666666667,OBSERVED
job_id,AIJOB0483,1,0.06666666666666667,OBSERVED
job_id,AIJOB0484,1,0.06666666666666667,OBSERVED
job_id,AIJOB0485,1,0.06666666666666667,OBSERVED
job_id,AIJOB0135,1,0.06666666666666667,OBSERVED
job_id,AIJOB0487,1,0.06666666666666667,OBSERVED
job_id,AIJOB0488,1,0.06666666666666667,OBSERVED
job_id,AIJOB0489,1,0.06666666666666667,OBSERVED
job_id,AIJOB0490,1,0.06666666666666667,OBSERVED
job_id,AIJOB0491,1,0.06666666666666667,OBSERVED
job_id,AIJOB0492,1,0.06666666666666667,OBSERVED
job_id,AIJOB0493,1,0.06666666666666667,OBSERVED
job_id,AIJOB0494,1,0.06666666666666667,OBSERVED
job_id,AIJOB0495,1,0.06666666666666667,OBSERVED
job_id,AIJOB0180,1,0.06666666666666667,OBSERVED
job_id,AIJOB0200,1,0.06666666666666667,OBSERVED
job_id,AIJOB0498,1,0.06666666666666667,OBSERVED
job_id,AIJOB0499,1,0.06666666666666667,OBSERVED
job_id,AIJOB0500,1,0.06666666666666667,OBSERVED
job_id,AIJOB0501,1,0.06666666666666667,OBSERVED
job_id,AIJOB0502,1,0.06666666666666667,OBSERVED
job_id,AIJOB0503,1,0.06666666666666667,OBSERVED
job_id,AIJOB0226,1,0.06666666666666667,OBSERVED
job_id,AIJOB0505,1,0.06666666666666667,OBSERVED
job_id,AIJOB0506,1,0.06666666666666667,OBSERVED
job_id,AIJOB0237,1,0.06666666666666667,OBSERVED
job_id,AIJOB0508,1,0.06666666666666667,OBSERVED
job_id,AIJOB0509,1,0.06666666666666667,OBSERVED
job_id,AIJOB0510,1,0.06666666666666667,OBSERVED
job_id,AIJOB0511,1,0.06666666666666667,OBSERVED
job_id,AIJOB0243,1,0.06666666666666667,OBSERVED
job_id,AIJOB0513,1,0.06666666666666667,OBSERVED
job_id,AIJOB0514,1,0.06666666666666667,OBSERVED
job_id,AIJOB0515,1,0.06666666666666667,OBSERVED
job_id,AIJOB0516,1,0.06666666666666667,OBSERVED
job_id,AIJOB0267,1,0.06666666666666667,OBSERVED
job_id,AIJOB0306,1,0.06666666666666667,OBSERVED
job_id,AIJOB0326,1,0.06666666666666667,OBSERVED
job_id,AIJOB0344,1,0.06666666666666667,OBSERVED
job_id,AIJOB0521,1,0.06666666666666667,OBSERVED
job_id,AIJOB0522,1,0.06666666666666667,OBSERVED
job_id,AIJOB0362,1,0.06666666666666667,OBSERVED
job_id,AIJOB0524,1,0.06666666666666667,OBSERVED
job_id,AIJOB0525,1,0.06666666666666667,OBSERVED
job_id,AIJOB0412,1,0.06666666666666667,OBSERVED
job_id,AIJOB0421,1,0.06666666666666667,OBSERVED
job_id,AIJOB0528,1,0.06666666666666667,OBSERVED
job_id,AIJOB0529,1,0.06666666666666667,OBSERVED
job_id,AIJOB0530,1,0.06666666666666667,OBSERVED
job_id,AIJOB0527,1,0.06666666666666667,OBSERVED
job_id,AIJOB0532,1,0.06666666666666667,OBSERVED
job_id,AIJOB0533,1,0.06666666666666667,OBSERVED
job_id,AIJOB0534,1,0.06666666666666667,OBSERVED
job_id,AIJOB0535,1,0.06666666666666667,OBSERVED
job_id,AIJOB0536,1,0.06666666666666667,OBSERVED
job_id,AIJOB0537,1,0.06666666666666667,OBSERVED
job_id,AIJOB0538,1,0.06666666666666667,OBSERVED
job_id,AIJOB0558,1,0.06666666666666667,OBSERVED
job_id,AIJOB0540,1,0.06666666666666667,OBSERVED
job_id,AIJOB0567,1,0.06666666666666667,OBSERVED
job_id,AIJOB0692,1,0.06666666666666667,OBSERVED
job_id,AIJOB0543,1,0.06666666666666667,OBSERVED
job_id,AIJOB0544,1,0.06666666666666667,OBSERVED
job_id,AIJOB0545,1,0.06666666666666667,OBSERVED
job_id,AIJOB0546,1,0.06666666666666667,OBSERVED
job_id,AIJOB0547,1,0.06666666666666667,OBSERVED
job_id,AIJOB0548,1,0.06666666666666667,OBSERVED
job_id,AIJOB0696,1,0.06666666666666667,OBSERVED
job_id,AIJOB0550,1,0.06666666666666667,OBSERVED
job_id,AIJOB0551,1,0.06666666666666667,OBSERVED
job_id,AIJOB0552,1,0.06666666666666667,OBSERVED
job_id,AIJOB0553,1,0.06666666666666667,OBSERVED
job_id,AIJOB0554,1,0.06666666666666667,OBSERVED
job_id,AIJOB0555,1,0.06666666666666667,OBSERVED
job_id,AIJOB0556,1,0.06666666666666667,OBSERVED
job_id,AIJOB0557,1,0.06666666666666667,OBSERVED
job_id,AIJOB0747,1,0.06666666666666667,OBSERVED
job_id,AIJOB0559,1,0.06666666666666667,OBSERVED
job_id,AIJOB0560,1,0.06666666666666667,OBSERVED
job_id,AIJOB0780,1,0.06666666666666667,OBSERVED
job_id,AIJOB0562,1,0.06666666666666667,OBSERVED
job_id,AIJOB0563,1,0.06666666666666667,OBSERVED
job_id,AIJOB0564,1,0.06666666666666667,OBSERVED
job_id,AIJOB0807,1,0.06666666666666667,OBSERVED
job_id,AIJOB0566,1,0.06666666666666667,OBSERVED
job_id,AIJOB0824,1,0.06666666666666667,OBSERVED
job_id,AIJOB0568,1,0.06666666666666667,OBSERVED
job_id,AIJOB0569,1,0.06666666666666667,OBSERVED
job_id,AIJOB0570,1,0.06666666666666667,OBSERVED
job_id,AIJOB0571,1,0.06666666666666667,OBSERVED
job_id,AIJOB0572,1,0.06666666666666667,OBSERVED
job_id,AIJOB0834,1,0.06666666666666667,OBSERVED
job_id,AIJOB0574,1,0.06666666666666667,OBSERVED
job_id,AIJOB0864,1,0.06666666666666667,OBSERVED
job_id,AIJOB0576,1,0.06666666666666667,OBSERVED
job_id,AIJOB0577,1,0.06666666666666667,OBSERVED
job_id,AIJOB0578,1,0.06666666666666667,OBSERVED
job_id,AIJOB0579,1,0.06666666666666667,OBSERVED
job_id,AIJOB0868,1,0.06666666666666667,OBSERVED
job_id,AIJOB0581,1,0.06666666666666667,OBSERVED
job_id,AIJOB0884,1,0.06666666666666667,OBSERVED
job_id,AIJOB0583,1,0.06666666666666667,OBSERVED
job_id,AIJOB0584,1,0.06666666666666667,OBSERVED
job_id,AIJOB0585,1,0.06666666666666667,OBSERVED
job_id,AIJOB0586,1,0.06666666666666667,OBSERVED
job_id,AIJOB0587,1,0.06666666666666667,OBSERVED
job_id,AIJOB0588,1,0.06666666666666667,OBSERVED
job_id,AIJOB0589,1,0.06666666666666667,OBSERVED
job_id,AIJOB0590,1,0.06666666666666667,OBSERVED
job_id,AIJOB0899,1,0.06666666666666667,OBSERVED
job_id,AIJOB0592,1,0.06666666666666667,OBSERVED
job_id,AIJOB0593,1,0.06666666666666667,OBSERVED
job_id,AIJOB0594,1,0.06666666666666667,OBSERVED
job_id,AIJOB0595,1,0.06666666666666667,OBSERVED
job_id,AIJOB0596,1,0.06666666666666667,OBSERVED
job_id,AIJOB0597,1,0.06666666666666667,OBSERVED
job_id,AIJOB0598,1,0.06666666666666667,OBSERVED
job_id,AIJOB0599,1,0.06666666666666667,OBSERVED
job_id,AIJOB0600,1,0.06666666666666667,OBSERVED
job_id,AIJOB0601,1,0.06666666666666667,OBSERVED
job_id,AIJOB0602,1,0.06666666666666667,OBSERVED
job_id,AIJOB0603,1,0.06666666666666667,OBSERVED
job_id,AIJOB0921,1,0.06666666666666667,OBSERVED
job_id,AIJOB0605,1,0.06666666666666667,OBSERVED
job_id,AIJOB0606,1,0.06666666666666667,OBSERVED
job_id,AIJOB0607,1,0.06666666666666667,OBSERVED
job_id,AIJOB0608,1,0.06666666666666667,OBSERVED
job_id,AIJOB0609,1,0.06666666666666667,OBSERVED
job_id,AIJOB0610,1,0.06666666666666667,OBSERVED
job_id,AIJOB0611,1,0.06666666666666667,OBSERVED
job_id,AIJOB0612,1,0.06666666666666667,OBSERVED
job_id,AIJOB0613,1,0.06666666666666667,OBSERVED
job_id,AIJOB0614,1,0.06666666666666667,OBSERVED
job_id,AIJOB0615,1,0.06666666666666667,OBSERVED
job_id,AIJOB0616,1,0.06666666666666667,OBSERVED
job_id,AIJOB0617,1,0.06666666666666667,OBSERVED
job_id,AIJOB0957,1,0.06666666666666667,OBSERVED
job_id,AIJOB0619,1,0.06666666666666667,OBSERVED
job_id,AIJOB0966,1,0.06666666666666667,OBSERVED
job_id,AIJOB0621,1,0.06666666666666667,OBSERVED
job_id,AIJOB0278,1,0.06666666666666667,OBSERVED
job_id,AIJOB0279,1,0.06666666666666667,OBSERVED
job_id,AIJOB0280,1,0.06666666666666667,OBSERVED
job_id,AIJOB0155,1,0.06666666666666667,OBSERVED
job_id,AIJOB0282,1,0.06666666666666667,OBSERVED
job_id,AIJOB0283,1,0.06666666666666667,OBSERVED
job_id,AIJOB0284,1,0.06666666666666667,OBSERVED
job_id,AIJOB0285,1,0.06666666666666667,OBSERVED
job_id,AIJOB0174,1,0.06666666666666667,OBSERVED
job_id,AIJOB0287,1,0.06666666666666667,OBSERVED
job_id,AIJOB0288,1,0.06666666666666667,OBSERVED
job_id,AIJOB0289,1,0.06666666666666667,OBSERVED
job_id,AIJOB0290,1,0.06666666666666667,OBSERVED
job_id,AIJOB0291,1,0.06666666666666667,OBSERVED
job_id,AIJOB0292,1,0.06666666666666667,OBSERVED
job_id,AIJOB0293,1,0.06666666666666667,OBSERVED
job_id,AIJOB0294,1,0.06666666666666667,OBSERVED
job_id,AIJOB0295,1,0.06666666666666667,OBSERVED
job_id,AIJOB0296,1,0.06666666666666667,OBSERVED
job_id,AIJOB0297,1,0.06666666666666667,OBSERVED
job_id,AIJOB0228,1,0.06666666666666667,OBSERVED
job_id,AIJOB0299,1,0.06666666666666667,OBSERVED
job_id,AIJOB0300,1,0.06666666666666667,OBSERVED
job_id,AIJOB0301,1,0.06666666666666667,OBSERVED
job_id,AIJOB0302,1,0.06666666666666667,OBSERVED
job_id,AIJOB0303,1,0.06666666666666667,OBSERVED
job_id,AIJOB0304,1,0.06666666666666667,OBSERVED
job_id,AIJOB0305,1,0.06666666666666667,OBSERVED
job_id,AIJOB0240,1,0.06666666666666667,OBSERVED
job_id,AIJOB0307,1,0.06666666666666667,OBSERVED
job_id,AIJOB0259,1,0.06666666666666667,OBSERVED
job_id,AIJOB0309,1,0.06666666666666667,OBSERVED
job_id,AIJOB0310,1,0.06666666666666667,OBSERVED
job_id,AIJOB0311,1,0.06666666666666667,OBSERVED
job_id,AIJOB0260,1,0.06666666666666667,OBSERVED
job_id,AIJOB0313,1,0.06666666666666667,OBSERVED
job_id,AIJOB0314,1,0.06666666666666667,OBSERVED
job_id,AIJOB0315,1,0.06666666666666667,OBSERVED
job_id,AIJOB0263,1,0.06666666666666667,OBSERVED
job_id,AIJOB0317,1,0.06666666666666667,OBSERVED
job_id,AIJOB0318,1,0.06666666666666667,OBSERVED
job_id,AIJOB0319,1,0.06666666666666667,OBSERVED
job_id,AIJOB0265,1,0.06666666666666667,OBSERVED
job_id,AIJOB0321,1,0.06666666666666667,OBSERVED
job_id,AIJOB0322,1,0.06666666666666667,OBSERVED
job_id,AIJOB0325,1,0.06666666666666667,OBSERVED
job_id,AIJOB0324,1,0.06666666666666667,OBSERVED
job_id,AIJOB0380,1,0.06666666666666667,OBSERVED
job_id,AIJOB0519,1,0.06666666666666667,OBSERVED
job_id,AIJOB0327,1,0.06666666666666667,OBSERVED
job_id,AIJOB0328,1,0.06666666666666667,OBSERVED
job_id,AIJOB0329,1,0.06666666666666667,OBSERVED
job_id,AIJOB0330,1,0.06666666666666667,OBSERVED
job_id,AIJOB0331,1,0.06666666666666667,OBSERVED
job_id,AIJOB0332,1,0.06666666666666667,OBSERVED
job_id,AIJOB0539,1,0.06666666666666667,OBSERVED
job_id,AIJOB0334,1,0.06666666666666667,OBSERVED
job_id,AIJOB0591,1,0.06666666666666667,OBSERVED
job_id,AIJOB0336,1,0.06666666666666667,OBSERVED
job_id,AIJOB0337,1,0.06666666666666667,OBSERVED
job_id,AIJOB0338,1,0.06666666666666667,OBSERVED
job_id,AIJOB0339,1,0.06666666666666667,OBSERVED
job_id,AIJOB0340,1,0.06666666666666667,OBSERVED
job_id,AIJOB0341,1,0.06666666666666667,OBSERVED
job_id,AIJOB0342,1,0.06666666666666667,OBSERVED
job_id,AIJOB0343,1,0.06666666666666667,OBSERVED
job_id,AIJOB0650,1,0.06666666666666667,OBSERVED
job_id,AIJOB0345,1,0.06666666666666667,OBSERVED
job_id,AIJOB0346,1,0.06666666666666667,OBSERVED
job_id,AIJOB0347,1,0.06666666666666667,OBSERVED
job_id,AIJOB0666,1,0.06666666666666667,OBSERVED
job_id,AIJOB0349,1,0.06666666666666667,OBSERVED
job_id,AIJOB0350,1,0.06666666666666667,OBSERVED
job_id,AIJOB0351,1,0.06666666666666667,OBSERVED
job_id,AIJOB0352,1,0.06666666666666667,OBSERVED
job_id,AIJOB0353,1,0.06666666666666667,OBSERVED
job_id,AIJOB0354,1,0.06666666666666667,OBSERVED
job_id,AIJOB0355,1,0.06666666666666667,OBSERVED
job_id,AIJOB0356,1,0.06666666666666667,OBSERVED
job_id,AIJOB0357,1,0.06666666666666667,OBSERVED
job_id,AIJOB0678,1,0.06666666666666667,OBSERVED
job_id,AIJOB0359,1,0.06666666666666667,OBSERVED
job_id,AIJOB0360,1,0.06666666666666667,OBSERVED
job_id,AIJOB0361,1,0.06666666666666667,OBSERVED
job_id,AIJOB0685,1,0.06666666666666667,OBSERVED
job_id,AIJOB0363,1,0.06666666666666667,OBSERVED
job_id,AIJOB0364,1,0.06666666666666667,OBSERVED
job_id,AIJOB0365,1,0.06666666666666667,OBSERVED
job_id,AIJOB0366,1,0.06666666666666667,OBSERVED
job_id,AIJOB0367,1,0.06666666666666667,OBSERVED
job_id,AIJOB0368,1,0.06666666666666667,OBSERVED
job_id,AIJOB0693,1,0.06666666666666667,OBSERVED
job_id,AIJOB0745,1,0.06666666666666667,OBSERVED
job_id,AIJOB0371,1,0.06666666666666667,OBSERVED
job_id,AIJOB0372,1,0.06666666666666667,OBSERVED
job_id,AIJOB0373,1,0.06666666666666667,OBSERVED
job_id,AIJOB0374,1,0.06666666666666667,OBSERVED
job_id,AIJOB0375,1,0.06666666666666667,OBSERVED
job_id,AIJOB0790,1,0.06666666666666667,OBSERVED
job_id,AIJOB0377,1,0.06666666666666667,OBSERVED
job_id,AIJOB0915,1,0.06666666666666667,OBSERVED
job_id,AIJOB0956,1,0.06666666666666667,OBSERVED
job_id,AIJOB0960,1,0.06666666666666667,OBSERVED
job_id,AIJOB0381,1,0.06666666666666667,OBSERVED
job_id,AIJOB0382,1,0.06666666666666667,OBSERVED
job_id,AIJOB1035,1,0.06666666666666667,OBSERVED
job_id,AIJOB0384,1,0.06666666666666667,OBSERVED
job_id,AIJOB0385,1,0.06666666666666667,OBSERVED
job_id,AIJOB0386,1,0.06666666666666667,OBSERVED
job_id,AIJOB0387,1,0.06666666666666667,OBSERVED
job_id,AIJOB0388,1,0.06666666666666667,OBSERVED
job_id,AIJOB0389,1,0.06666666666666667,OBSERVED
job_id,AIJOB0390,1,0.06666666666666667,OBSERVED
job_id,AIJOB0391,1,0.06666666666666667,OBSERVED
job_id,AIJOB0392,1,0.06666666666666667,OBSERVED
job_id,AIJOB0393,1,0.06666666666666667,OBSERVED
job_id,AIJOB0394,1,0.06666666666666667,OBSERVED
job_id,AIJOB0395,1,0.06666666666666667,OBSERVED
job_id,AIJOB0396,1,0.06666666666666667,OBSERVED
job_id,AIJOB0397,1,0.06666666666666667,OBSERVED
job_id,AIJOB0398,1,0.06666666666666667,OBSERVED
job_id,AIJOB0399,1,0.06666666666666667,OBSERVED
job_id,AIJOB1078,1,0.06666666666666667,OBSERVED
job_id,AIJOB0401,1,0.06666666666666667,OBSERVED
job_id,AIJOB0402,1,0.06666666666666667,OBSERVED
job_id,AIJOB0403,1,0.06666666666666667,OBSERVED
job_id,AIJOB0404,1,0.06666666666666667,OBSERVED
job_id,AIJOB1084,1,0.06666666666666667,OBSERVED
job_id,AIJOB0406,1,0.06666666666666667,OBSERVED
job_id,AIJOB0407,1,0.06666666666666667,OBSERVED
job_id,AIJOB0408,1,0.06666666666666667,OBSERVED
job_id,AIJOB0409,1,0.06666666666666667,OBSERVED
job_id,AIJOB0410,1,0.06666666666666667,OBSERVED
job_id,AIJOB0411,1,0.06666666666666667,OBSERVED
job_id,AIJOB1118,1,0.06666666666666667,OBSERVED
job_id,AIJOB0413,1,0.06666666666666667,OBSERVED
job_id,AIJOB0414,1,0.06666666666666667,OBSERVED
job_id,AIJOB0415,1,0.06666666666666667,OBSERVED
job_id,AIJOB0416,1,0.06666666666666667,OBSERVED
job_id,AIJOB0417,1,0.06666666666666667,OBSERVED
job_id,AIJOB0418,1,0.06666666666666667,OBSERVED
job_id,AIJOB1128,1,0.06666666666666667,OBSERVED
job_id,AIJOB0420,1,0.06666666666666667,OBSERVED
job_id,AIJOB1168,1,0.06666666666666667,OBSERVED
job_id,AIJOB0422,1,0.06666666666666667,OBSERVED
job_id,AIJOB0423,1,0.06666666666666667,OBSERVED
job_id,AIJOB0424,1,0.06666666666666667,OBSERVED
job_id,AIJOB0425,1,0.06666666666666667,OBSERVED
job_id,AIJOB0426,1,0.06666666666666667,OBSERVED
job_id,AIJOB0427,1,0.06666666666666667,OBSERVED
job_id,AIJOB0428,1,0.06666666666666667,OBSERVED
job_id,AIJOB0429,1,0.06666666666666667,OBSERVED
job_id,AIJOB0430,1,0.06666666666666667,OBSERVED
job_id,AIJOB0431,1,0.06666666666666667,OBSERVED
job_id,AIJOB0432,1,0.06666666666666667,OBSERVED
job_id,AIJOB0433,1,0.06666666666666667,OBSERVED
job_id,AIJOB0434,1,0.06666666666666667,OBSERVED
job_id,AIJOB0435,1,0.06666666666666667,OBSERVED
job_id,AIJOB0436,1,0.06666666666666667,OBSERVED
job_id,AIJOB1350,1,0.06666666666666667,OBSERVED
job_id,AIJOB0438,1,0.06666666666666667,OBSERVED
job_id,AIJOB0439,1,0.06666666666666667,OBSERVED
job_id,AIJOB1412,1,0.06666666666666667,OBSERVED
job_id,AIJOB0441,1,0.06666666666666667,OBSERVED
job_id,AIJOB0442,1,0.06666666666666667,OBSERVED
job_id,AIJOB0443,1,0.06666666666666667,OBSERVED
job_id,AIJOB0112,1,0.06666666666666667,OBSERVED
job_id,AIJOB1114,1,0.06666666666666667,OBSERVED
job_id,AIJOB0114,1,0.06666666666666667,OBSERVED
job_id,AIJOB0115,1,0.06666666666666667,OBSERVED
job_id,AIJOB0116,1,0.06666666666666667,OBSERVED
job_id,AIJOB0117,1,0.06666666666666667,OBSERVED
job_id,AIJOB0118,1,0.06666666666666667,OBSERVED
job_id,AIJOB0119,1,0.06666666666666667,OBSERVED
job_id,AIJOB0120,1,0.06666666666666667,OBSERVED
job_id,AIJOB0121,1,0.06666666666666667,OBSERVED
job_id,AIJOB0122,1,0.06666666666666667,OBSERVED
job_id,AIJOB1185,1,0.06666666666666667,OBSERVED
job_id,AIJOB0124,1,0.06666666666666667,OBSERVED
job_id,AIJOB0125,1,0.06666666666666667,OBSERVED
job_id,AIJOB0126,1,0.06666666666666667,OBSERVED
job_id,AIJOB0127,1,0.06666666666666667,OBSERVED
job_id,AIJOB1213,1,0.06666666666666667,OBSERVED
job_id,AIJOB0129,1,0.06666666666666667,OBSERVED
job_id,AIJOB1223,1,0.06666666666666667,OBSERVED
job_id,AIJOB0131,1,0.06666666666666667,OBSERVED
job_id,AIJOB0132,1,0.06666666666666667,OBSERVED
job_id,AIJOB0133,1,0.06666666666666667,OBSERVED
job_id,AIJOB1279,1,0.06666666666666667,OBSERVED
job_id,AIJOB1291,1,0.06666666666666667,OBSERVED
job_id,AIJOB0136,1,0.06666666666666667,OBSERVED
job_id,AIJOB1331,1,0.06666666666666667,OBSERVED
job_id,AIJOB0138,1,0.06666666666666667,OBSERVED
job_id,AIJOB0139,1,0.06666666666666667,OBSERVED
job_id,AIJOB0140,1,0.06666666666666667,OBSERVED
job_id,AIJOB1365,1,0.06666666666666667,OBSERVED
job_id,AIJOB0142,1,0.06666666666666667,OBSERVED
job_id,AIJOB0143,1,0.06666666666666667,OBSERVED
job_id,AIJOB0144,1,0.06666666666666667,OBSERVED
job_id,AIJOB1415,1,0.06666666666666667,OBSERVED
job_id,AIJOB0146,1,0.06666666666666667,OBSERVED
job_id,AIJOB0147,1,0.06666666666666667,OBSERVED
job_id,AIJOB0148,1,0.06666666666666667,OBSERVED
job_id,AIJOB0149,1,0.06666666666666667,OBSERVED
job_id,AIJOB0150,1,0.06666666666666667,OBSERVED
job_id,AIJOB0151,1,0.06666666666666667,OBSERVED
job_id,AIJOB1425,1,0.06666666666666667,OBSERVED
job_id,AIJOB0153,1,0.06666666666666667,OBSERVED
job_id,AIJOB0154,1,0.06666666666666667,OBSERVED
job_id,AIJOB0009,1,0.06666666666666667,OBSERVED
job_id,AIJOB0016,1,0.06666666666666667,OBSERVED
job_id,AIJOB0157,1,0.06666666666666667,OBSERVED
job_id,AIJOB0048,1,0.06666666666666667,OBSERVED
job_id,AIJOB0159,1,0.06666666666666667,OBSERVED
job_id,AIJOB0160,1,0.06666666666666667,OBSERVED
job_id,AIJOB0161,1,0.06666666666666667,OBSERVED
job_id,AIJOB0162,1,0.06666666666666667,OBSERVED
job_id,AIJOB0163,1,0.06666666666666667,OBSERVED
job_id,AIJOB0164,1,0.06666666666666667,OBSERVED
job_id,AIJOB0165,1,0.06666666666666667,OBSERVED
job_id,AIJOB0166,1,0.06666666666666667,OBSERVED
job_id,AIJOB0103,1,0.06666666666666667,OBSERVED
job_id,AIJOB0168,1,0.06666666666666667,OBSERVED
job_id,AIJOB0169,1,0.06666666666666667,OBSERVED
job_id,AIJOB0170,1,0.06666666666666667,OBSERVED
job_id,AIJOB0130,1,0.06666666666666667,OBSERVED
job_id,AIJOB0172,1,0.06666666666666667,OBSERVED
job_id,AIJOB0173,1,0.06666666666666667,OBSERVED
job_id,AIJOB0141,1,0.06666666666666667,OBSERVED
job_id,AIJOB0175,1,0.06666666666666667,OBSERVED
job_id,AIJOB0176,1,0.06666666666666667,OBSERVED
job_id,AIJOB0223,1,0.06666666666666667,OBSERVED
job_id,AIJOB0316,1,0.06666666666666667,OBSERVED
job_id,AIJOB0179,1,0.06666666666666667,OBSERVED
job_id,AIJOB0370,1,0.06666666666666667,OBSERVED
job_id,AIJOB0419,1,0.06666666666666667,OBSERVED
job_id,AIJOB0182,1,0.06666666666666667,OBSERVED
job_id,AIJOB0183,1,0.06666666666666667,OBSERVED
job_id,AIJOB0184,1,0.06666666666666667,OBSERVED
job_id,AIJOB0185,1,0.06666666666666667,OBSERVED
job_id,AIJOB0186,1,0.06666666666666667,OBSERVED
job_id,AIJOB0187,1,0.06666666666666667,OBSERVED
job_id,AIJOB0440,1,0.06666666666666667,OBSERVED
job_id,AIJOB0189,1,0.06666666666666667,OBSERVED
job_id,AIJOB0190,1,0.06666666666666667,OBSERVED
job_id,AIJOB0191,1,0.06666666666666667,OBSERVED
job_id,AIJOB0192,1,0.06666666666666667,OBSERVED
job_id,AIJOB0193,1,0.06666666666666667,OBSERVED
job_id,AIJOB0194,1,0.06666666666666667,OBSERVED
job_id,AIJOB0195,1,0.06666666666666667,OBSERVED
job_id,AIJOB0196,1,0.06666666666666667,OBSERVED
job_id,AIJOB0197,1,0.06666666666666667,OBSERVED
job_id,AIJOB0461,1,0.06666666666666667,OBSERVED
job_id,AIJOB0199,1,0.06666666666666667,OBSERVED
job_id,AIJOB0507,1,0.06666666666666667,OBSERVED
job_id,AIJOB0201,1,0.06666666666666667,OBSERVED
job_id,AIJOB0202,1,0.06666666666666667,OBSERVED
job_id,AIJOB0203,1,0.06666666666666667,OBSERVED
job_id,AIJOB0204,1,0.06666666666666667,OBSERVED
job_id,AIJOB0205,1,0.06666666666666667,OBSERVED
job_id,AIJOB0206,1,0.06666666666666667,OBSERVED
job_id,AIJOB0207,1,0.06666666666666667,OBSERVED
job_id,AIJOB0208,1,0.06666666666666667,OBSERVED
job_id,AIJOB0575,1,0.06666666666666667,OBSERVED
job_id,AIJOB0210,1,0.06666666666666667,OBSERVED
job_id,AIJOB0211,1,0.06666666666666667,OBSERVED
job_id,AIJOB0212,1,0.06666666666666667,OBSERVED
job_id,AIJOB0213,1,0.06666666666666667,OBSERVED
job_id,AIJOB0580,1,0.06666666666666667,OBSERVED
job_id,AIJOB0620,1,0.06666666666666667,OBSERVED
job_id,AIJOB0216,1,0.06666666666666667,OBSERVED
job_id,AIJOB0679,1,0.06666666666666667,OBSERVED
job_id,AIJOB0218,1,0.06666666666666667,OBSERVED
job_id,AIJOB0219,1,0.06666666666666667,OBSERVED
job_id,AIJOB0220,1,0.06666666666666667,OBSERVED
job_id,AIJOB0699,1,0.06666666666666667,OBSERVED
job_id,AIJOB0222,1,0.06666666666666667,OBSERVED
job_id,AIJOB0711,1,0.06666666666666667,OBSERVED
job_id,AIJOB0224,1,0.06666666666666667,OBSERVED
job_id,AIJOB0225,1,0.06666666666666667,OBSERVED
job_id,AIJOB0729,1,0.06666666666666667,OBSERVED
job_id,AIJOB0227,1,0.06666666666666667,OBSERVED
job_id,AIJOB0740,1,0.06666666666666667,OBSERVED
job_id,AIJOB0767,1,0.06666666666666667,OBSERVED
job_id,AIJOB0230,1,0.06666666666666667,OBSERVED
job_id,AIJOB0231,1,0.06666666666666667,OBSERVED
job_id,AIJOB0232,1,0.06666666666666667,OBSERVED
job_id,AIJOB0233,1,0.06666666666666667,OBSERVED
job_id,AIJOB0234,1,0.06666666666666667,OBSERVED
job_id,AIJOB0235,1,0.06666666666666667,OBSERVED
job_id,AIJOB0808,1,0.06666666666666667,OBSERVED
job_id,AIJOB0810,1,0.06666666666666667,OBSERVED
job_id,AIJOB0238,1,0.06666666666666667,OBSERVED
job_id,AIJOB0239,1,0.06666666666666667,OBSERVED
job_id,AIJOB0853,1,0.06666666666666667,OBSERVED
job_id,AIJOB0241,1,0.06666666666666667,OBSERVED
job_id,AIJOB0242,1,0.06666666666666667,OBSERVED
job_id,AIJOB0859,1,0.06666666666666667,OBSERVED
job_id,AIJOB0873,1,0.06666666666666667,OBSERVED
job_id,AIJOB0245,1,0.06666666666666667,OBSERVED
job_id,AIJOB0246,1,0.06666666666666667,OBSERVED
job_id,AIJOB0247,1,0.06666666666666667,OBSERVED
job_id,AIJOB0971,1,0.06666666666666667,OBSERVED
job_id,AIJOB0249,1,0.06666666666666667,OBSERVED
job_id,AIJOB0250,1,0.06666666666666667,OBSERVED
job_id,AIJOB0251,1,0.06666666666666667,OBSERVED
job_id,AIJOB0252,1,0.06666666666666667,OBSERVED
job_id,AIJOB0253,1,0.06666666666666667,OBSERVED
job_id,AIJOB1031,1,0.06666666666666667,OBSERVED
job_id,AIJOB0255,1,0.06666666666666667,OBSERVED
job_id,AIJOB0256,1,0.06666666666666667,OBSERVED
job_id,AIJOB0257,1,0.06666666666666667,OBSERVED
job_id,AIJOB0258,1,0.06666666666666667,OBSERVED
job_id,AIJOB1075,1,0.06666666666666667,OBSERVED
job_id,AIJOB1124,1,0.06666666666666667,OBSERVED
job_id,AIJOB1137,1,0.06666666666666667,OBSERVED
job_id,AIJOB1186,1,0.06666666666666667,OBSERVED
job_id,AIJOB1191,1,0.06666666666666667,OBSERVED
job_id,AIJOB0264,1,0.06666666666666667,OBSERVED
job_id,AIJOB1234,1,0.06666666666666667,OBSERVED
job_id,AIJOB1267,1,0.06666666666666667,OBSERVED
job_id,AIJOB1311,1,0.06666666666666667,OBSERVED
job_id,AIJOB0268,1,0.06666666666666667,OBSERVED
job_id,AIJOB1335,1,0.06666666666666667,OBSERVED
job_id,AIJOB0270,1,0.06666666666666667,OBSERVED
job_id,AIJOB1395,1,0.06666666666666667,OBSERVED
job_id,AIJOB1422,1,0.06666666666666667,OBSERVED
job_id,AIJOB0273,1,0.06666666666666667,OBSERVED
job_id,AIJOB0010,1,0.06666666666666667,OBSERVED
job_id,AIJOB0275,1,0.06666666666666667,OBSERVED
job_id,AIJOB0082,1,0.06666666666666667,OBSERVED
job_id,AIJOB0277,1,0.06666666666666667,OBSERVED
job_id,AIJOB0013,1,0.06666666666666667,OBSERVED
job_id,AIJOB1308,1,0.06666666666666667,OBSERVED
job_id,AIJOB0015,1,0.06666666666666667,OBSERVED
job_id,AIJOB0062,1,0.06666666666666667,OBSERVED
job_id,AIJOB0073,1,0.06666666666666667,OBSERVED
job_id,AIJOB0018,1,0.06666666666666667,OBSERVED
job_id,AIJOB0019,1,0.06666666666666667,OBSERVED
job_id,AIJOB0020,1,0.06666666666666667,OBSERVED
job_id,AIJOB0021,1,0.06666666666666667,OBSERVED
job_id,AIJOB0022,1,0.06666666666666667,OBSERVED
job_id,AIJOB0023,1,0.06666666666666667,OBSERVED
job_id,AIJOB0024,1,0.06666666666666667,OBSERVED
job_id,AIJOB0025,1,0.06666666666666667,OBSERVED
job_id,AIJOB0026,1,0.06666666666666667,OBSERVED
job_id,AIJOB0137,1,0.06666666666666667,OBSERVED
job_id,AIJOB0028,1,0.06666666666666667,OBSERVED
job_id,AIJOB0029,1,0.06666666666666667,OBSERVED
job_id,AIJOB0030,1,0.06666666666666667,OBSERVED
job_id,AIJOB0031,1,0.06666666666666667,OBSERVED
job_id,AIJOB0032,1,0.06666666666666667,OBSERVED
job_id,AIJOB0033,1,0.06666666666666667,OBSERVED
job_id,AIJOB0167,1,0.06666666666666667,OBSERVED
job_id,AIJOB0035,1,0.06666666666666667,OBSERVED
job_id,AIJOB0036,1,0.06666666666666667,OBSERVED
job_id,AIJOB0037,1,0.06666666666666667,OBSERVED
job_id,AIJOB0038,1,0.06666666666666667,OBSERVED
job_id,AIJOB0039,1,0.06666666666666667,OBSERVED
job_id,AIJOB0040,1,0.06666666666666667,OBSERVED
job_id,AIJOB0177,1,0.06666666666666667,OBSERVED
job_id,AIJOB0236,1,0.06666666666666667,OBSERVED
job_id,AIJOB0043,1,0.06666666666666667,OBSERVED
job_id,AIJOB0044,1,0.06666666666666667,OBSERVED
job_id,AIJOB0045,1,0.06666666666666667,OBSERVED
job_id,AIJOB0046,1,0.06666666666666667,OBSERVED
job_id,AIJOB0047,1,0.06666666666666667,OBSERVED
job_id,AIJOB0254,1,0.06666666666666667,OBSERVED
job_id,AIJOB0049,1,0.06666666666666667,OBSERVED
job_id,AIJOB0050,1,0.06666666666666667,OBSERVED
job_id,AIJOB0051,1,0.06666666666666667,OBSERVED
job_id,AIJOB0052,1,0.06666666666666667,OBSERVED
job_id,AIJOB0269,1,0.06666666666666667,OBSERVED
job_id,AIJOB0312,1,0.06666666666666667,OBSERVED
job_id,AIJOB0477,1,0.06666666666666667,OBSERVED
job_id,AIJOB0056,1,0.06666666666666667,OBSERVED
job_id,AIJOB0496,1,0.06666666666666667,OBSERVED
job_id,AIJOB0512,1,0.06666666666666667,OBSERVED
job_id,AIJOB0059,1,0.06666666666666667,OBSERVED
job_id,AIJOB0541,1,0.06666666666666667,OBSERVED
job_id,AIJOB0549,1,0.06666666666666667,OBSERVED
job_id,AIJOB0618,1,0.06666666666666667,OBSERVED
job_id,AIJOB0063,1,0.06666666666666667,OBSERVED
job_id,AIJOB0064,1,0.06666666666666667,OBSERVED
job_id,AIJOB0652,1,0.06666666666666667,OBSERVED
job_id,AIJOB0066,1,0.06666666666666667,OBSERVED
job_id,AIJOB0067,1,0.06666666666666667,OBSERVED
job_id,AIJOB0068,1,0.06666666666666667,OBSERVED
job_id,AIJOB0684,1,0.06666666666666667,OBSERVED
job_id,AIJOB0070,1,0.06666666666666667,OBSERVED
job_id,AIJOB0700,1,0.06666666666666667,OBSERVED
job_id,AIJOB0072,1,0.06666666666666667,OBSERVED
job_id,AIJOB0776,1,0.06666666666666667,OBSERVED
job_id,AIJOB0074,1,0.06666666666666667,OBSERVED
job_id,AIJOB0075,1,0.06666666666666667,OBSERVED
job_id,AIJOB0076,1,0.06666666666666667,OBSERVED
job_id,AIJOB0077,1,0.06666666666666667,OBSERVED
job_id,AIJOB0831,1,0.06666666666666667,OBSERVED
job_id,AIJOB0079,1,0.06666666666666667,OBSERVED
job_id,AIJOB0080,1,0.06666666666666667,OBSERVED
job_id,AIJOB0081,1,0.06666666666666667,OBSERVED
job_id,AIJOB0950,1,0.06666666666666667,OBSERVED
job_id,AIJOB0083,1,0.06666666666666667,OBSERVED
job_id,AIJOB0084,1,0.06666666666666667,OBSERVED
job_id,AIJOB0085,1,0.06666666666666667,OBSERVED
job_id,AIJOB0086,1,0.06666666666666667,OBSERVED
job_id,AIJOB0087,1,0.06666666666666667,OBSERVED
job_id,AIJOB0982,1,0.06666666666666667,OBSERVED
job_id,AIJOB0089,1,0.06666666666666667,OBSERVED
job_id,AIJOB0090,1,0.06666666666666667,OBSERVED
job_id,AIJOB0091,1,0.06666666666666667,OBSERVED
job_id,AIJOB0092,1,0.06666666666666667,OBSERVED
job_id,AIJOB0093,1,0.06666666666666667,OBSERVED
job_id,AIJOB0094,1,0.06666666666666667,OBSERVED
job_id,AIJOB1022,1,0.06666666666666667,OBSERVED
job_id,AIJOB0096,1,0.06666666666666667,OBSERVED
job_id,AIJOB0097,1,0.06666666666666667,OBSERVED
job_id,AIJOB1076,1,0.06666666666666667,OBSERVED
job_id,AIJOB0099,1,0.06666666666666667,OBSERVED
job_id,AIJOB0100,1,0.06666666666666667,OBSERVED
job_id,AIJOB0101,1,0.06666666666666667,OBSERVED
job_id,AIJOB0102,1,0.06666666666666667,OBSERVED
job_id,AIJOB1095,1,0.06666666666666667,OBSERVED
job_id,AIJOB0104,1,0.06666666666666667,OBSERVED
job_id,AIJOB0105,1,0.06666666666666667,OBSERVED
job_id,AIJOB0106,1,0.06666666666666667,OBSERVED
job_id,AIJOB0107,1,0.06666666666666667,OBSERVED
job_id,AIJOB0108,1,0.06666666666666667,OBSERVED
job_id,AIJOB0109,1,0.06666666666666667,OBSERVED
job_id,AIJOB0110,1,0.06666666666666667,OBSERVED
job_id,AIJOB0111,1,0.06666666666666667,OBSERVED
job_id,AIJOB0001,1,0.06666666666666667,OBSERVED
job_id,AIJOB0002,1,0.06666666666666667,OBSERVED
job_id,AIJOB0003,1,0.06666666666666667,OBSERVED
job_id,AIJOB0004,1,0.06666666666666667,OBSERVED
job_id,AIJOB0005,1,0.06666666666666667,OBSERVED
job_id,AIJOB0188,1,0.06666666666666667,OBSERVED
job_id,AIJOB0007,1,0.06666666666666667,OBSERVED
job_id,AIJOB0008,1,0.06666666666666667,OBSERVED
job_id,AIJOB0214,1,0.06666666666666667,OBSERVED
job_id,AIJOB0755,1,0.06666666666666667,OBSERVED
job_id,AIJOB0833,1,0.06666666666666667,OBSERVED
job_id,AIJOB0012,1,0.06666666666666667,OBSERVED
job_title,LLM Engineer,75,5.0,OBSERVED
job_title,Robotics Engineer (AI),74,4.933333333333334,OBSERVED
job_title,Prompt Engineer,71,4.733333333333333,OBSERVED
job_title,Generative AI Engineer,71,4.733333333333333,OBSERVED
job_title,AI Product Manager,70,4.666666666666667,OBSERVED
job_title,Multimodal AI Engineer,67,4.466666666666667,OBSERVED
job_title,AI Compliance Manager,66,4.3999999999999995,OBSERVED
job_title,Senior Data Scientist,66,4.3999999999999995,OBSERVED
job_title,Senior ML Engineer,64,4.266666666666667,OBSERVED
job_title,AI Engineer,64,4.266666666666667,OBSERVED
job_title,AI Business Analyst,62,4.133333333333333,OBSERVED
job_title,Data Scientist,61,4.066666666666666,OBSERVED
job_title,Deep Learning Engineer,58,3.8666666666666667,OBSERVED
job_title,AI Agent Developer,57,3.8,OBSERVED
job_title,AI Ethics Officer,56,3.733333333333334,OBSERVED
job_title,NLP Engineer,55,3.6666666666666665,OBSERVED
job_title,AI Infrastructure Eng,55,3.6666666666666665,OBSERVED
job_title,ML Engineer,55,3.6666666666666665,OBSERVED
job_title,RAG Engineer,53,3.5333333333333337,OBSERVED
job_title,AI Solutions Architect,52,3.4666666666666663,OBSERVED
job_title,Data Engineer (AI),51,3.4000000000000004,OBSERVED
job_title,MLOps Engineer,51,3.4000000000000004,OBSERVED
job_title,AI Security Engineer,50,3.3333333333333335,OBSERVED
job_title,AI Research Scientist,50,3.3333333333333335,OBSERVED
job_title,Computer Vision Engineer,46,3.0666666666666664,OBSERVED
AI Engineering,AI Engineering,735,49.0,OBSERVED
AI Engineering,Data Science,127,8.466666666666667,OBSERVED
AI Engineering,Governance,122,8.133333333333333,OBSERVED
AI Engineering,Robotics,74,4.933333333333334,OBSERVED
AI Engineering,Product,70,4.666666666666667,OBSERVED
AI Engineering,Business,62,4.133333333333333,OBSERVED
AI Engineering,Infrastructure,55,3.6666666666666665,OBSERVED
AI Engineering,Architecture,52,3.4666666666666663,OBSERVED
AI Engineering,Data Engineering,51,3.4000000000000004,OBSERVED
AI Engineering,ML Operations,51,3.4000000000000004,OBSERVED
AI Engineering,Security,50,3.3333333333333335,OBSERVED
AI Engineering,Research,50,3.3333333333333335,OBSERVED
AI Engineering,job_category,1,0.06666666666666667,INVALID_HEADER_TOKEN
experience_level,Entry (0-2 yrs),385,25.666666666666664,OBSERVED
experience_level,Lead (10+ yrs),381,25.4,OBSERVED
experience_level,Mid (3-5 yrs),370,24.666666666666668,OBSERVED
experience_level,Senior (6-9 yrs),364,24.266666666666666,OBSERVED
education_required,Master's,316,21.066666666666666,OBSERVED
education_required,Bachelor's,311,20.733333333333334,OBSERVED
education_required,Bootcamp/Self-taught,297,19.8,OBSERVED
education_required,Associate's,296,19.733333333333334,OBSERVED
education_required,PhD,280,18.666666666666668,OBSERVED
city,San Francisco,92,6.133333333333333,OBSERVED
city,London,90,6.0,OBSERVED
city,Beijing,87,5.800000000000001,OBSERVED
city,Toronto,85,5.666666666666666,OBSERVED
city,Remote,82,5.466666666666667,OBSERVED
city,Berlin,81,5.4,OBSERVED
city,Sydney,78,5.2,OBSERVED
city,Chicago,77,5.133333333333334,OBSERVED
city,Austin,77,5.133333333333334,OBSERVED
city,Zurich,76,5.066666666666666,OBSERVED
city,Tokyo,76,5.066666666666666,OBSERVED
city,Amsterdam,74,4.933333333333334,OBSERVED
city,Singapore,71,4.733333333333333,OBSERVED
city,Boston,70,4.666666666666667,OBSERVED
city,Seattle,69,4.6,OBSERVED
city,New York,67,4.466666666666667,OBSERVED
city,Paris,66,4.3999999999999995,OBSERVED
city,Los Angeles,63,4.2,OBSERVED
city,Dubai,62,4.133333333333333,OBSERVED
city,Bangalore,57,3.8,OBSERVED
country,USA,515,34.333333333333336,OBSERVED
country,UK,90,6.0,OBSERVED
country,China,87,5.800000000000001,OBSERVED
country,Canada,85,5.666666666666666,OBSERVED
country,Global,82,5.466666666666667,OBSERVED
country,Germany,81,5.4,OBSERVED
country,Australia,78,5.2,OBSERVED
country,Switzerland,76,5.066666666666666,OBSERVED
country,Japan,76,5.066666666666666,OBSERVED
country,Netherlands,74,4.933333333333334,OBSERVED
country,Singapore,71,4.733333333333333,OBSERVED
country,France,66,4.3999999999999995,OBSERVED
country,UAE,62,4.133333333333333,OBSERVED
country,India,57,3.8,OBSERVED
remote_work,Hybrid,686,45.733333333333334,OBSERVED
remote_work,Fully Remote,445,29.666666666666668,OBSERVED
remote_work,On-site,369,24.6,OBSERVED
company_size,Mid-size (501-5000),312,20.8,OBSERVED
company_size,SME (51-500),300,20.0,OBSERVED
company_size,Big Tech (FAANG+),299,19.933333333333334,OBSERVED
company_size,Enterprise (5000+),297,19.8,OBSERVED
company_size,Startup (1-50),292,19.466666666666665,OBSERVED
industry,Healthcare,138,9.2,OBSERVED
industry,Automotive,138,9.2,OBSERVED
industry,Government,136,9.066666666666666,OBSERVED
industry,Retail,131,8.733333333333333,OBSERVED
industry,Finance,131,8.733333333333333,OBSERVED
industry,Energy,130,8.666666666666668,OBSERVED
industry,Consulting,126,8.4,OBSERVED
industry,Media,120,8.0,OBSERVED
industry,Education,120,8.0,OBSERVED
industry,Manufacturing,114,7.6,OBSERVED
industry,Research,110,7.333333333333333,OBSERVED
industry,Technology,106,7.066666666666667,OBSERVED
required_skills,Python|Vision-Language Models|Fine-tuning|PyTorch|Research|Problem Solving|Communication,1,0.06666666666666667,OBSERVED
required_skills,Transformers|Text Processing|LLMs|Hugging Face|SQL|Problem Solving|Agile,1,0.06666666666666667,OBSERVED
required_skills,Documentation|Risk Management|Legal Knowledge|Linux,1,0.06666666666666667,OBSERVED
required_skills,LLMs|Hugging Face|Python|Transformers|BERT|Text Processing|Research|Communication,1,0.06666666666666667,OBSERVED
required_skills,Cybersecurity|ML Security|Red Teaming|Python|Risk Analysis|Research|Problem Solving|SQL,1,0.06666666666666667,OBSERVED
required_skills,Distributed Systems|Kubernetes|Cloud|Networking|CUDA|Git|Communication|SQL,1,0.06666666666666667,OBSERVED
required_skills,Testing|NLP|Documentation|Prompt Design|LLM APIs|Statistics|Agile,1,0.06666666666666667,OBSERVED
required_skills,ML|Deep Learning|Causal Inference|Python|Leadership|Leadership|Agile|Research,1,0.06666666666666667,OBSERVED
required_skills,Cloud|Python|System Design|Leadership|ML|Enterprise Architecture|Leadership|Linux,1,0.06666666666666667,OBSERVED
required_skills,Simulation|C++|Control Systems|Python|Computer Vision|ROS|Agile,1,0.06666666666666667,OBSERVED
required_skills,Python|Cloud|System Design|Cloud|Leadership|Agile,1,0.06666666666666667,OBSERVED
required_skills,Embeddings|LLMs|Search Systems|Vector DBs|LangChain|Python|Agile|Git,1,0.06666666666666667,OBSERVED
required_skills,Enterprise Architecture|Cloud|System Design|Communication|Statistics,1,0.06666666666666667,OBSERVED
required_skills,Cybersecurity|Risk Analysis|ML Security|Python|Cloud|Linux|Leadership,1,0.06666666666666667,OBSERVED
required_skills,Prompt Design|NLP|Documentation|Testing|Linux|Research|Agile,1,0.06666666666666667,OBSERVED
required_skills,Python|LLM APIs|Documentation|Linux|Communication,1,0.06666666666666667,OBSERVED
required_skills,CUDA|TensorFlow|Neural Networks|Linux|Statistics,1,0.06666666666666667,OBSERVED
required_skills,Legal Knowledge|Risk Management|Auditing|EU AI Act|Git,1,0.06666666666666667,OBSERVED
required_skills,C++|Python|Control Systems|Communication|Statistics|Leadership,1,0.06666666666666667,OBSERVED
required_skills,ETL|Python|Feature Stores|Spark|Airflow|dbt|SQL|Agile|Statistics|Research,1,0.06666666666666667,OBSERVED
required_skills,Fine-tuning|LLM APIs|Prompt Engineering|Communication,1,0.06666666666666667,OBSERVED
required_skills,Advanced Statistics|Python|Leadership|Causal Inference|ML|Deep Learning|Problem Solving|Cloud|Linux,1,0.06666666666666667,OBSERVED
required_skills,Deep Learning|ML|Causal Inference|Python|Statistics|Leadership|Cloud,1,0.06666666666666667,OBSERVED
required_skills,Cloud|ML|Leadership|System Design|Git|SQL|Research,1,0.06666666666666667,OBSERVED
required_skills,Python|Testing|Prompt Design|Documentation|LLM APIs|NLP|Agile|Communication|Statistics,1,0.06666666666666667,OBSERVED
required_skills,CUDA|Storage|Networking|Kubernetes|Cloud|Distributed Systems|Cloud|Leadership,1,0.06666666666666667,OBSERVED
required_skills,Communication|AI Policy|Ethics Frameworks|Research|SQL|Problem Solving,1,0.06666666666666667,OBSERVED
required_skills,Mathematics|Deep Learning|Publishing|Python|Research|PyTorch|Leadership|Communication,1,0.06666666666666667,OBSERVED
required_skills,Kubernetes|Networking|Storage|Agile,1,0.06666666666666667,OBSERVED
required_skills,Cloud|Networking|Distributed Systems|Storage|Agile|Git,1,0.06666666666666667,OBSERVED
required_skills,System Design|Leadership|ML|Enterprise Architecture|Cloud|Agile|Linux,1,0.06666666666666667,OBSERVED
required_skills,LangChain|Python|AutoGen|APIs|Tool Use|Statistics|Problem Solving,1,0.06666666666666667,OBSERVED
required_skills,Legal Knowledge|Risk Management|Documentation|EU AI Act|Cloud|SQL,1,0.06666666666666667,OBSERVED
required_skills,Python|Advanced Statistics|Causal Inference|Leadership|Deep Learning|ML|Git|Leadership,1,0.06666666666666667,OBSERVED
required_skills,System Design|LLM Fine-tuning|Python|PyTorch|Distributed Systems|Research|Linux|Git,1,0.06666666666666667,OBSERVED
required_skills,Communication|Python|SQL|Business Analysis|Data Visualization|SQL,1,0.06666666666666667,OBSERVED
required_skills,Python|Causal Inference|Deep Learning|ML|Advanced Statistics|Leadership|Leadership|Problem Solving|Research,1,0.06666666666666667,OBSERVED
required_skills,Python|Red Teaming|Risk Analysis|ML Security|Leadership|Statistics,1,0.06666666666666667,OBSERVED
required_skills,LLM Integration|Cloud (AWS/GCP/Azure)|Docker|Python|Leadership|Research,1,0.06666666666666667,OBSERVED
required_skills,Distributed Systems|Cloud|Kubernetes|Leadership|Problem Solving|Research,1,0.06666666666666667,OBSERVED
required_skills,LLM APIs|RAG|Python|Fine-tuning|Vector DBs|Statistics,1,0.06666666666666667,OBSERVED
required_skills,LLM APIs|RAG|Vector DBs|Linux,1,0.06666666666666667,OBSERVED
required_skills,Enterprise Architecture|Python|ML|Leadership|Cloud|System Design|Agile,1,0.06666666666666667,OBSERVED
required_skills,Enterprise Architecture|ML|Python|Leadership|System Design|Communication|Linux,1,0.06666666666666667,OBSERVED
required_skills,Cloud|System Design|ML|Linux|Cloud,1,0.06666666666666667,OBSERVED
required_skills,Python|Cloud|Monitoring|Kubernetes|Research|Statistics|Problem Solving,1,0.06666666666666667,OBSERVED
required_skills,Vector DBs|Embeddings|LLMs|Search Systems|Python|Agile,1,0.06666666666666667,OBSERVED
required_skills,ETL|Airflow|Feature Stores|dbt|Problem Solving|Research|Cloud,1,0.06666666666666667,OBSERVED
required_skills,Data Analysis|Stakeholder Mgmt|Agile|AI Literacy|Leadership|Git|Agile,1,0.06666666666666667,OBSERVED
required_skills,System Design|Enterprise Architecture|Python|Leadership|ML|Leadership|Statistics|SQL,1,0.06666666666666667,OBSERVED
required_skills,System Design|Enterprise Architecture|Cloud|Linux|Problem Solving,1,0.06666666666666667,OBSERVED
required_skills,System Design|Leadership|Cloud|Agile|Linux|Statistics,1,0.06666666666666667,OBSERVED
required_skills,AI Policy|Ethics Frameworks|Research|Risk Assessment|Communication|Git|Agile,1,0.06666666666666667,OBSERVED
required_skills,System Design|ML|Leadership|Cloud|Statistics|Research,1,0.06666666666666667,OBSERVED
required_skills,ML|Leadership|Python|System Design|Enterprise Architecture|Problem Solving,1,0.06666666666666667,OBSERVED
required_skills,Python|Enterprise Architecture|Cloud|Leadership|ML|Git,1,0.06666666666666667,OBSERVED
required_skills,Docker|Python|Monitoring|Cloud|Kubernetes|CI/CD|Cloud|Research|Agile,1,0.06666666666666667,OBSERVED
required_skills,ML|Leadership|Enterprise Architecture|System Design|Python|Leadership|Cloud|SQL,1,0.06666666666666667,OBSERVED
required_skills,Python|Leadership|Advanced Statistics|Deep Learning|Agile|Git|Research,1,0.06666666666666667,OBSERVED
required_skills,Data Analysis|Stakeholder Mgmt|Agile|AI Literacy|Product Strategy|Linux|Communication,1,0.06666666666666667,OBSERVED
required_skills,Text Processing|LLMs|BERT|Python|Transformers|Hugging Face|Problem Solving|Research|Leadership,1,0.06666666666666667,OBSERVED
required_skills,Deep Learning|ML|Causal Inference|Leadership|Python|Linux|Research|Cloud,1,0.06666666666666667,OBSERVED
required_skills,SQL|Business Analysis|Python|Communication|Communication|Statistics,1,0.06666666666666667,OBSERVED
required_skills,Distributed Systems|Kubernetes|Networking|Cloud|CUDA|Statistics|Problem Solving,1,0.06666666666666667,OBSERVED
required_skills,CUDA|Networking|Kubernetes|Storage|SQL|Statistics|Problem Solving,1,0.06666666666666667,OBSERVED
required_skills,APIs|Vision-Language Models|PyTorch|Fine-tuning|Python|Problem Solving|Leadership|Git,1,0.06666666666666667,OBSERVED
required_skills,APIs|Planning Systems|Tool Use|Linux|Communication,1,0.06666666666666667,OBSERVED
required_skills,Cloud|System Design|Enterprise Architecture|Leadership|Cloud,1,0.06666666666666667,OBSERVED
required_skills,LLM Fine-tuning|PyTorch|MLOps|System Design|Python|Distributed Systems|Problem Solving|Git|Cloud,1,0.06666666666666667,OBSERVED
required_skills,Networking|Distributed Systems|Storage|Cloud|Cloud,1,0.06666666666666667,OBSERVED
required_skills,PyTorch|Deep Learning|Mathematics|Research|Python|Git,1,0.06666666666666667,OBSERVED
required_skills,Cloud (AWS/GCP/Azure)|Python|Docker|LLM Integration|Linux|Research|Leadership,1,0.06666666666666667,OBSERVED
required_skills,CNNs|Python|OpenCV|Image Processing|PyTorch|CUDA|Agile|Git|SQL,1,0.06666666666666667,OBSERVED
required_skills,Fine-tuning|Python|GenAI APIs|Diffusion Models|Deployment|Git|Problem Solving,1,0.06666666666666667,OBSERVED
required_skills,Cybersecurity|Risk Analysis|Red Teaming|ML Security|Agile|Linux|Communication,1,0.06666666666666667,OBSERVED
required_skills,Red Teaming|ML Security|Cybersecurity|Python|Risk Analysis|Leadership|Problem Solving,1,0.06666666666666667,OBSERVED
required_skills,Control Systems|Computer Vision|ROS|Agile|Linux|Research,1,0.06666666666666667,OBSERVED
required_skills,Documentation|EU AI Act|Auditing|Legal Knowledge|Statistics,1,0.06666666666666667,OBSERVED
required_skills,ML|Advanced Statistics|Deep Learning|Statistics,1,0.06666666666666667,OBSERVED
required_skills,Python|APIs|PyTorch|Fine-tuning|Vision-Language Models|Git|Cloud|Leadership,1,0.06666666666666667,OBSERVED
required_skills,Fine-tuning|Deployment|Python|Diffusion Models|GenAI APIs|Cloud,1,0.06666666666666667,OBSERVED
required_skills,Leadership|Python|Cloud|Agile,1,0.06666666666666667,OBSERVED
required_skills,OpenCV|Python|PyTorch|CNNs|CUDA|Communication|SQL|Git,1,0.06666666666666667,OBSERVED
required_skills,Docker|Kubernetes|Python|MLflow|Monitoring|SQL,1,0.06666666666666667,OBSERVED
required_skills,SQL|Scikit-learn|Data Visualization|ML Algorithms|Statistics|Agile,1,0.06666666666666667,OBSERVED
required_skills,ML Algorithms|Python|Data Visualization|Scikit-learn|Statistics|Cloud,1,0.06666666666666667,OBSERVED
required_skills,Diffusion Models|LLMs|GenAI APIs|Leadership|Linux,1,0.06666666666666667,OBSERVED
required_skills,RAG|Prompt Engineering|Python|Fine-tuning|Vector DBs|Statistics,1,0.06666666666666667,OBSERVED
required_skills,AI Policy|Research|Ethics Frameworks|Research|Agile|Statistics,1,0.06666666666666667,OBSERVED
required_skills,LLMs|Search Systems|Python|Linux|Leadership|Cloud,1,0.06666666666666667,OBSERVED
required_skills,CNNs|Image Processing|PyTorch|Python|CUDA|OpenCV|Leadership,1,0.06666666666666667,OBSERVED
required_skills,Prompt Engineering|Vector DBs|RAG|Fine-tuning|LLM APIs|Python|Problem Solving|Communication,1,0.06666666666666667,OBSERVED
required_skills,Python|CUDA|Image Processing|PyTorch|CNNs|OpenCV|Git,1,0.06666666666666667,OBSERVED
required_skills,Cybersecurity|Risk Analysis|ML Security|Python|SQL|Statistics|Communication,1,0.06666666666666667,OBSERVED
required_skills,AI Policy|Ethics Frameworks|Communication|Risk Assessment|Leadership|Cloud|Statistics,1,0.06666666666666667,OBSERVED
required_skills,Python|Simulation|C++|ROS|Cloud,1,0.06666666666666667,OBSERVED
required_skills,Ethics Frameworks|Communication|AI Policy|Communication|Linux|Git,1,0.06666666666666667,OBSERVED
required_skills,Fine-tuning|APIs|Vision-Language Models|Python|Git|Agile|Cloud,1,0.06666666666666667,OBSERVED
required_skills,Planning Systems|Tool Use|AutoGen|LangChain|Python|Cloud|Agile,1,0.06666666666666667,OBSERVED
required_skills,SQL|Communication|Business Analysis|Problem Solving|Research,1,0.06666666666666667,OBSERVED
required_skills,LLMs|Deployment|Fine-tuning|SQL|Git,1,0.06666666666666667,OBSERVED
required_skills,Control Systems|Computer Vision|Simulation|C++|Python|Statistics,1,0.06666666666666667,OBSERVED
required_skills,MLOps|PyTorch|Python|TensorFlow|Communication|Cloud,1,0.06666666666666667,OBSERVED
required_skills,Cybersecurity|ML Security|Risk Analysis|Red Teaming|Python|Communication|Leadership|Problem Solving,1,0.06666666666666667,OBSERVED
required_skills,RAG|Prompt Engineering|Fine-tuning|LLM APIs|Vector DBs|Python|Leadership|SQL,1,0.06666666666666667,OBSERVED
required_skills,Search Systems|LLMs|LangChain|Python|Problem Solving|Linux,1,0.06666666666666667,OBSERVED
required_skills,Legal Knowledge|Documentation|Risk Management|Auditing|SQL|Research|Problem Solving,1,0.06666666666666667,OBSERVED
required_skills,Transformers|Python|BERT|LLMs|Research,1,0.06666666666666667,OBSERVED
required_skills,Deep Learning|Python|ML|Advanced Statistics|Causal Inference|Leadership|Git|Cloud,1,0.06666666666666667,OBSERVED
required_skills,Communication|Ethics Frameworks|Risk Assessment|Research|Git|Communication|Linux,1,0.06666666666666667,OBSERVED
required_skills,C++|Control Systems|ROS|Simulation|Python|Computer Vision|Linux,1,0.06666666666666667,OBSERVED
required_skills,Data Analysis|Product Strategy|Stakeholder Mgmt|Linux|Communication,1,0.06666666666666667,OBSERVED
required_skills,Hugging Face|LLMs|Python|Text Processing|Linux|SQL|Research,1,0.06666666666666667,OBSERVED
required_skills,Neural Networks|Python|TensorFlow|Linux|Research|Communication,1,0.06666666666666667,OBSERVED
required_skills,Risk Management|Legal Knowledge|Auditing|EU AI Act|Statistics|Leadership,1,0.06666666666666667,OBSERVED
required_skills,EU AI Act|Auditing|Risk Management|Legal Knowledge|Documentation|Research|Agile|Linux,1,0.06666666666666667,OBSERVED
required_skills,Stakeholder Mgmt|Product Strategy|Agile|Data Analysis|AI Literacy|Communication|Statistics,1,0.06666666666666667,OBSERVED
required_skills,Product Strategy|AI Literacy|Stakeholder Mgmt|Agile|Data Analysis|Git|Problem Solving|Linux,1,0.06666666666666667,OBSERVED
required_skills,Ethics Frameworks|Communication|Risk Assessment|Research,1,0.06666666666666667,OBSERVED
required_skills,AI Policy|Research|Ethics Frameworks|Risk Assessment|Communication|Agile|SQL,1,0.06666666666666667,OBSERVED
required_skills,Storage|CUDA|Distributed Systems|Agile,1,0.06666666666666667,OBSERVED
required_skills,Publishing|Mathematics|Deep Learning|Research|Python|Research|Statistics,1,0.06666666666666667,OBSERVED
required_skills,Data Visualization|Communication|SQL|Problem Solving|Statistics|SQL,1,0.06666666666666667,OBSERVED
required_skills,Research|AI Policy|Ethics Frameworks|Risk Assessment|Leadership,1,0.06666666666666667,OBSERVED
required_skills,Planning Systems|APIs|Python|SQL|Statistics,1,0.06666666666666667,OBSERVED
required_skills,SQL|Data Visualization|Business Analysis|Communication|Leadership,1,0.06666666666666667,OBSERVED
required_skills,TensorFlow|SQL|MLOps|PyTorch|Research,1,0.06666666666666667,OBSERVED
required_skills,Python|C++|Simulation|Control Systems|Communication|Git,1,0.06666666666666667,OBSERVED
required_skills,Product Strategy|Stakeholder Mgmt|Data Analysis|Agile|AI Literacy|Communication|Problem Solving|Git,1,0.06666666666666667,OBSERVED
required_skills,LLMs|Python|Transformers|Statistics,1,0.06666666666666667,OBSERVED
required_skills,CUDA|OpenCV|PyTorch|CNNs|Image Processing|Agile|SQL,1,0.06666666666666667,OBSERVED
required_skills,Cloud|Leadership|System Design|Leadership|Linux|Problem Solving,1,0.06666666666666667,OBSERVED
required_skills,Python|Fine-tuning|LLMs|SQL|Agile|Research,1,0.06666666666666667,OBSERVED
required_skills,ML Security|Cybersecurity|Risk Analysis|Python|Red Teaming|Linux|Problem Solving|Leadership,1,0.06666666666666667,OBSERVED
required_skills,GenAI APIs|Deployment|Diffusion Models|Fine-tuning|Python|LLMs|Statistics|Agile|SQL,1,0.06666666666666667,OBSERVED
required_skills,Deployment|Diffusion Models|Python|LLMs|Linux|Cloud|Research,1,0.06666666666666667,OBSERVED
required_skills,Leadership|Cloud|Python|System Design|ML|Enterprise Architecture|Communication|Statistics,1,0.06666666666666667,OBSERVED
required_skills,Python|LangChain|Planning Systems|AutoGen|Communication|Agile|Leadership,1,0.06666666666666667,OBSERVED
required_skills,Publishing|Python|PyTorch|Research|Leadership|Problem Solving,1,0.06666666666666667,OBSERVED
required_skills,LLM APIs|Python|Prompt Engineering|Fine-tuning|RAG|Linux|Statistics,1,0.06666666666666667,OBSERVED
required_skills,Testing|Documentation|NLP|Python|LLM APIs|Prompt Design|Linux|SQL|Communication,1,0.06666666666666667,OBSERVED
required_skills,LLM Fine-tuning|Distributed Systems|MLOps|Python|PyTorch|System Design|Git|Agile|Linux,1,0.06666666666666667,OBSERVED
required_skills,Python|SQL|Communication|SQL,1,0.06666666666666667,OBSERVED
required_skills,Research|Communication|AI Policy|Statistics|Cloud,1,0.06666666666666667,OBSERVED
required_skills,NLP|Testing|Documentation|LLM APIs|Linux|SQL,1,0.06666666666666667,OBSERVED
required_skills,Research|Mathematics|Publishing|Agile|Research,1,0.06666666666666667,OBSERVED
required_skills,Python|System Design|Distributed Systems|Git|Cloud|Research,1,0.06666666666666667,OBSERVED
required_skills,Communication|AI Policy|Risk Assessment|Ethics Frameworks|Research|Cloud|Leadership,1,0.06666666666666667,OBSERVED
required_skills,Data Analysis|Agile|Product Strategy|Problem Solving|Linux,1,0.06666666666666667,OBSERVED
required_skills,Kubernetes|Docker|MLflow|Python|Monitoring|CI/CD|Git|Linux|Agile,1,0.06666666666666667,OBSERVED
required_skills,Documentation|Python|Testing|NLP|Leadership|Research,1,0.06666666666666667,OBSERVED
required_skills,AI Literacy|Data Analysis|Stakeholder Mgmt|Product Strategy|Agile|Communication|Agile|Git,1,0.06666666666666667,OBSERVED
required_skills,Data Analysis|AI Literacy|Agile|Stakeholder Mgmt|Product Strategy|Research|Agile,1,0.06666666666666667,OBSERVED
required_skills,SQL|Python|Kubernetes|TensorFlow|PyTorch|Research,1,0.06666666666666667,OBSERVED
required_skills,Distributed Systems|Python|System Design|Problem Solving,1,0.06666666666666667,OBSERVED
required_skills,Deep Learning|Python|Research|Mathematics|Publishing|PyTorch|Cloud,1,0.06666666666666667,OBSERVED
required_skills,Hugging Face|Transformers|LLMs|Python|SQL,1,0.06666666666666667,OBSERVED
required_skills,Networking|Cloud|Distributed Systems|Kubernetes|Agile|Communication,1,0.06666666666666667,OBSERVED
required_skills,Neural Networks|PyTorch|GPU Computing|TensorFlow|Python|Communication,1,0.06666666666666667,OBSERVED
required_skills,TensorFlow|MLOps|SQL|Python|Problem Solving|Leadership|Statistics,1,0.06666666666666667,OBSERVED
required_skills,RAG|Python|Fine-tuning|Statistics|Leadership,1,0.06666666666666667,OBSERVED
required_skills,Causal Inference|Leadership|Python|ML|Communication|Leadership,1,0.06666666666666667,OBSERVED
required_skills,dbt|Feature Stores|Airflow|Statistics,1,0.06666666666666667,OBSERVED
required_skills,Prompt Design|NLP|LLM APIs|Documentation|Testing|Python|Statistics,1,0.06666666666666667,OBSERVED
required_skills,ML|Python|Causal Inference|Deep Learning|Leadership|Advanced Statistics|Leadership,1,0.06666666666666667,OBSERVED
required_skills,LLMs|Deployment|GenAI APIs|Agile,1,0.06666666666666667,OBSERVED
required_skills,Python|Control Systems|Simulation|Computer Vision|SQL|Cloud|Problem Solving,1,0.06666666666666667,OBSERVED
required_skills,Ethics Frameworks|Communication|AI Policy|Communication|Research|Problem Solving,1,0.06666666666666667,OBSERVED
required_skills,Simulation|C++|Control Systems|Problem Solving|Leadership,1,0.06666666666666667,OBSERVED
required_skills,RAG|Python|Prompt Engineering|LLM APIs|Fine-tuning|Cloud|SQL,1,0.06666666666666667,OBSERVED
required_skills,Cybersecurity|ML Security|Red Teaming|Python|Risk Analysis|Communication|Problem Solving,1,0.06666666666666667,OBSERVED
required_skills,PyTorch|MLOps|Distributed Systems|System Design|Agile|Research|Cloud,1,0.06666666666666667,OBSERVED
required_skills,Python|LLM Integration|Cloud (AWS/GCP/Azure)|PyTorch|Docker|Research|Communication|Problem Solving,1,0.06666666666666667,OBSERVED
required_skills,Python|Leadership|Cloud|Enterprise Architecture|System Design|ML|Cloud|Linux,1,0.06666666666666667,OBSERVED
required_skills,AI Literacy|Stakeholder Mgmt|Product Strategy|Data Analysis|Agile|Statistics,1,0.06666666666666667,OBSERVED
required_skills,PyTorch|Publishing|Python|Deep Learning|Mathematics|Git|SQL,1,0.06666666666666667,OBSERVED
required_skills,System Design|Python|Distributed Systems|Research,1,0.06666666666666667,OBSERVED
required_skills,MLOps|PyTorch|LLM Fine-tuning|System Design|Distributed Systems|SQL|Leadership,1,0.06666666666666667,OBSERVED
required_skills,Kubernetes|PyTorch|MLOps|Cloud,1,0.06666666666666667,OBSERVED
required_skills,SQL|Scikit-learn|Data Visualization|ML Algorithms|Communication|Agile|Git,1,0.06666666666666667,OBSERVED
required_skills,dbt|Feature Stores|Python|Airflow|Cloud|SQL|Agile,1,0.06666666666666667,OBSERVED
required_skills,TensorFlow|MLOps|Python|Kubernetes|PyTorch|Linux|Research,1,0.06666666666666667,OBSERVED
required_skills,SQL|MLOps|PyTorch|TensorFlow|Kubernetes|Python|Agile|Research,1,0.06666666666666667,OBSERVED
required_skills,Python|Research|Publishing|Linux|Agile,1,0.06666666666666667,OBSERVED
required_skills,Agile|Data Analysis|Product Strategy|Agile,1,0.06666666666666667,OBSERVED
required_skills,Stakeholder Mgmt|AI Literacy|Data Analysis|Communication|SQL,1,0.06666666666666667,OBSERVED
required_skills,Search Systems|Vector DBs|LangChain|Python|Git|Cloud,1,0.06666666666666667,OBSERVED
required_skills,RAG|LLM APIs|Prompt Engineering|SQL|Communication,1,0.06666666666666667,OBSERVED
required_skills,Risk Management|EU AI Act|Auditing|Documentation|Legal Knowledge|Problem Solving|SQL|Agile,1,0.06666666666666667,OBSERVED
required_skills,Cloud (AWS/GCP/Azure)|PyTorch|Docker|Agile|Research|Git,1,0.06666666666666667,OBSERVED
required_skills,Leadership|Advanced Statistics|Python|Deep Learning|Research|Problem Solving|Git,1,0.06666666666666667,OBSERVED
required_skills,Python|Scikit-learn|Data Visualization|Cloud|Problem Solving,1,0.06666666666666667,OBSERVED
required_skills,OpenCV|CNNs|Image Processing|Leadership,1,0.06666666666666667,OBSERVED
required_skills,Communication|AI Policy|Ethics Frameworks|Risk Assessment|Research|Linux,1,0.06666666666666667,OBSERVED
required_skills,Python|PyTorch|MLOps|Communication|Leadership,1,0.06666666666666667,OBSERVED
required_skills,Testing|Python|Prompt Design|LLM APIs|NLP|Documentation|Statistics|Git,1,0.06666666666666667,OBSERVED
required_skills,PyTorch|LLM Integration|Docker|Python|Research,1,0.06666666666666667,OBSERVED
required_skills,dbt|Airflow|ETL|SQL|Feature Stores|Linux|Problem Solving,1,0.06666666666666667,OBSERVED
required_skills,Vector DBs|Prompt Engineering|Fine-tuning|Python|Research,1,0.06666666666666667,OBSERVED
required_skills,Leadership|System Design|ML|Cloud|Statistics|SQL|Linux,1,0.06666666666666667,OBSERVED
required_skills,PyTorch|Python|Fine-tuning|SQL|Research,1,0.06666666666666667,OBSERVED
required_skills,Python|ML|Deep Learning|Advanced Statistics|Causal Inference|Cloud,1,0.06666666666666667,OBSERVED
required_skills,Auditing|Legal Knowledge|Risk Management|Documentation|Leadership,1,0.06666666666666667,OBSERVED
required_skills,Product Strategy|AI Literacy|Agile|Data Analysis|Stakeholder Mgmt|Research|Linux,1,0.06666666666666667,OBSERVED
required_skills,Python|LLM Integration|Docker|Problem Solving|Statistics,1,0.06666666666666667,OBSERVED
required_skills,LLM Fine-tuning|Python|PyTorch|Leadership|SQL|Agile,1,0.06666666666666667,OBSERVED
required_skills,Risk Analysis|ML Security|Red Teaming|Python|Statistics|Problem Solving,1,0.06666666666666667,OBSERVED
required_skills,ML Security|Red Teaming|Cybersecurity|Python|Risk Analysis|Git,1,0.06666666666666667,OBSERVED
required_skills,Documentation|LLM APIs|Testing|NLP|Research,1,0.06666666666666667,OBSERVED
required_skills,PyTorch|Fine-tuning|Vision-Language Models|APIs|Linux|Leadership,1,0.06666666666666667,OBSERVED
required_skills,Data Visualization|SQL|Scikit-learn|Statistics|ML Algorithms|Communication|SQL|Problem Solving,1,0.06666666666666667,OBSERVED
required_skills,EU AI Act|Risk Management|Legal Knowledge|Auditing|Documentation|Cloud|Git,1,0.06666666666666667,OBSERVED
required_skills,Communication|Research|Risk Assessment|AI Policy|Leadership,1,0.06666666666666667,OBSERVED
required_skills,AI Literacy|Agile|Product Strategy|Stakeholder Mgmt|Data Analysis|Problem Solving|Statistics,1,0.06666666666666667,OBSERVED
required_skills,Stakeholder Mgmt|Product Strategy|Agile|AI Literacy|Data Analysis|Linux,1,0.06666666666666667,OBSERVED
required_skills,Python|PyTorch|Fine-tuning|Agile,1,0.06666666666666667,OBSERVED
required_skills,Legal Knowledge|EU AI Act|Auditing|Documentation|Agile|Linux|Research,1,0.06666666666666667,OBSERVED
required_skills,Kubernetes|Docker|MLflow|CI/CD|Cloud|Python|SQL|Leadership,1,0.06666666666666667,OBSERVED
required_skills,Kubernetes|Python|Docker|CI/CD|Cloud|Monitoring|MLflow|Communication|Leadership,1,0.06666666666666667,OBSERVED
required_skills,TensorFlow|Neural Networks|CUDA|PyTorch|Linux|Research|Problem Solving,1,0.06666666666666667,OBSERVED
required_skills,PyTorch|Python|OpenCV|Image Processing|CUDA|CNNs|Leadership|Communication|Git,1,0.06666666666666667,OBSERVED
required_skills,Storage|Kubernetes|Cloud|Distributed Systems|CUDA|Networking|SQL|Problem Solving|Communication,1,0.06666666666666667,OBSERVED
required_skills,TensorFlow|Kubernetes|PyTorch|SQL|Communication|Problem Solving,1,0.06666666666666667,OBSERVED
required_skills,Vision-Language Models|PyTorch|Fine-tuning|APIs|Statistics|Git|Communication,1,0.06666666666666667,OBSERVED
required_skills,PyTorch|Kubernetes|MLOps|TensorFlow|SQL|Python|Leadership,1,0.06666666666666667,OBSERVED
required_skills,MLOps|SQL|Kubernetes|Python|Agile|Cloud|Statistics,1,0.06666666666666667,OBSERVED
required_skills,Diffusion Models|Deployment|LLMs|GenAI APIs|Leadership|SQL|Communication,1,0.06666666666666667,OBSERVED
required_skills,Auditing|Legal Knowledge|Risk Management|Documentation|Linux,1,0.06666666666666667,OBSERVED
required_skills,Simulation|C++|ROS|Git|Cloud,1,0.06666666666666667,OBSERVED
required_skills,Prompt Engineering|RAG|Python|Vector DBs|LLM APIs|SQL,1,0.06666666666666667,OBSERVED
required_skills,Control Systems|Python|ROS|Computer Vision|Linux,1,0.06666666666666667,OBSERVED
required_skills,PyTorch|Publishing|Deep Learning|Research|Git,1,0.06666666666666667,OBSERVED
required_skills,TensorFlow|GPU Computing|Neural Networks|PyTorch|Research,1,0.06666666666666667,OBSERVED
required_skills,System Design|Python|MLOps|Distributed Systems|PyTorch|LLM Fine-tuning|Agile|Problem Solving,1,0.06666666666666667,OBSERVED
required_skills,Simulation|C++|Computer Vision|Control Systems|Cloud,1,0.06666666666666667,OBSERVED
required_skills,PyTorch|Vision-Language Models|Python|APIs|Fine-tuning|Agile|Problem Solving|Communication,1,0.06666666666666667,OBSERVED
required_skills,CI/CD|Cloud|Kubernetes|Python|Monitoring|Communication|Agile,1,0.06666666666666667,OBSERVED
required_skills,Transformers|Hugging Face|Python|Cloud,1,0.06666666666666667,OBSERVED
required_skills,AutoGen|LangChain|APIs|Git,1,0.06666666666666667,OBSERVED
required_skills,Risk Management|Auditing|Documentation|Problem Solving|SQL,1,0.06666666666666667,OBSERVED
required_skills,Computer Vision|Python|Control Systems|C++|Simulation|Agile|Statistics,1,0.06666666666666667,OBSERVED
required_skills,System Design|Distributed Systems|PyTorch|LLM Fine-tuning|MLOps|SQL|Cloud|Linux,1,0.06666666666666667,OBSERVED
required_skills,Scikit-learn|SQL|Python|ML Algorithms|SQL|Leadership,1,0.06666666666666667,OBSERVED
required_skills,Python|Vector DBs|LLMs|LangChain|Research|SQL,1,0.06666666666666667,OBSERVED
required_skills,PyTorch|Vision-Language Models|Fine-tuning|Leadership|SQL|Agile,1,0.06666666666666667,OBSERVED
required_skills,Search Systems|Vector DBs|LangChain|Python|Agile,1,0.06666666666666667,OBSERVED
required_skills,Python|APIs|Vision-Language Models|PyTorch|Fine-tuning|Problem Solving,1,0.06666666666666667,OBSERVED
required_skills,Python|APIs|Fine-tuning|PyTorch|Research|Linux|Cloud,1,0.06666666666666667,OBSERVED
required_skills,Control Systems|C++|Computer Vision|Python|ROS|Research|Agile,1,0.06666666666666667,OBSERVED
required_skills,Red Teaming|Cybersecurity|Python|Risk Analysis|SQL|Problem Solving|Leadership,1,0.06666666666666667,OBSERVED
required_skills,Kubernetes|SQL|TensorFlow|Communication|SQL|Statistics,1,0.06666666666666667,OBSERVED
required_skills,NLP|Testing|Prompt Design|Documentation|Communication,1,0.06666666666666667,OBSERVED
required_skills,EU AI Act|Auditing|Documentation|Problem Solving,1,0.06666666666666667,OBSERVED
required_skills,Prompt Engineering|Vector DBs|Python|Fine-tuning|Research|Communication|Cloud,1,0.06666666666666667,OBSERVED
required_skills,ML|Python|Deep Learning|Advanced Statistics|Communication,1,0.06666666666666667,OBSERVED
required_skills,Product Strategy|Data Analysis|Stakeholder Mgmt|Agile|Statistics,1,0.06666666666666667,OBSERVED
required_skills,Scikit-learn|Python|ML Algorithms|Data Visualization|Statistics|SQL|Statistics|Cloud|Git,1,0.06666666666666667,OBSERVED
required_skills,Airflow|Feature Stores|SQL|Python|ETL|dbt|Spark|Agile|Cloud|Git,1,0.06666666666666667,OBSERVED
required_skills,APIs|Vision-Language Models|Fine-tuning|Cloud,1,0.06666666666666667,OBSERVED
required_skills,Python|OpenCV|CNNs|PyTorch|CUDA|Image Processing|Agile,1,0.06666666666666667,OBSERVED
required_skills,MLOps|Python|Distributed Systems|PyTorch|Communication|Agile|Git,1,0.06666666666666667,OBSERVED
required_skills,Control Systems|Python|ROS|Leadership,1,0.06666666666666667,OBSERVED
required_skills,Data Analysis|Agile|Stakeholder Mgmt|Product Strategy|AI Literacy|Linux,1,0.06666666666666667,OBSERVED
required_skills,C++|ROS|Control Systems|Statistics|Agile|Communication,1,0.06666666666666667,OBSERVED
required_skills,Agile|Stakeholder Mgmt|Product Strategy|AI Literacy|Data Analysis|Statistics|Research|Communication,1,0.06666666666666667,OBSERVED
required_skills,Docker|MLflow|Cloud|CI/CD|Kubernetes|Python|Monitoring|SQL,1,0.06666666666666667,OBSERVED
required_skills,BERT|LLMs|Transformers|Text Processing|Problem Solving|Leadership|Git,1,0.06666666666666667,OBSERVED
required_skills,Auditing|EU AI Act|Documentation|Risk Management|Cloud|Linux,1,0.06666666666666667,OBSERVED
required_skills,C++|Python|ROS|Control Systems|Simulation|SQL,1,0.06666666666666667,OBSERVED
required_skills,Data Analysis|Agile|Product Strategy|AI Literacy|Stakeholder Mgmt|Problem Solving|Linux|Git,1,0.06666666666666667,OBSERVED
required_skills,Research|AI Policy|Risk Assessment|Communication|Problem Solving|Cloud|Statistics,1,0.06666666666666667,OBSERVED
required_skills,Cloud|CUDA|Storage|Distributed Systems|Kubernetes|Networking|Git,1,0.06666666666666667,OBSERVED
required_skills,Publishing|Research|PyTorch|Deep Learning|Problem Solving,1,0.06666666666666667,OBSERVED
required_skills,Prompt Design|Python|NLP|LLM APIs|Documentation|Leadership|Git|Communication,1,0.06666666666666667,OBSERVED
required_skills,Python|Vision-Language Models|APIs|Statistics|Agile,1,0.06666666666666667,OBSERVED
required_skills,LLM APIs|Vector DBs|RAG|Python|Prompt Engineering|Git,1,0.06666666666666667,OBSERVED
required_skills,MLflow|Monitoring|Kubernetes|Docker|Communication|Problem Solving,1,0.06666666666666667,OBSERVED
required_skills,SQL|ML Algorithms|Statistics|Scikit-learn|Python|Data Visualization|Problem Solving|Linux,1,0.06666666666666667,OBSERVED
required_skills,Spark|dbt|Airflow|Cloud|Agile|Statistics,1,0.06666666666666667,OBSERVED
required_skills,SQL|Statistics|Scikit-learn|Python|Data Visualization|Problem Solving|Cloud,1,0.06666666666666667,OBSERVED
required_skills,Risk Analysis|Python|Cybersecurity|ML Security|Red Teaming|Linux|Communication|Git,1,0.06666666666666667,OBSERVED
required_skills,Stakeholder Mgmt|Product Strategy|Data Analysis|Leadership|Cloud|SQL,1,0.06666666666666667,OBSERVED
required_skills,Python|TensorFlow|GPU Computing|CUDA|PyTorch|Cloud|Communication,1,0.06666666666666667,OBSERVED
required_skills,ROS|C++|Simulation|Computer Vision|Python|Control Systems|Communication|Leadership|Statistics,1,0.06666666666666667,OBSERVED
required_skills,Distributed Systems|MLOps|PyTorch|Leadership|Statistics,1,0.06666666666666667,OBSERVED
required_skills,C++|Control Systems|Simulation|Research,1,0.06666666666666667,OBSERVED
required_skills,Leadership|Deep Learning|Causal Inference|Advanced Statistics|Problem Solving|Cloud|Communication,1,0.06666666666666667,OBSERVED
required_skills,Python|Fine-tuning|PyTorch|Vision-Language Models|APIs|Research,1,0.06666666666666667,OBSERVED
required_skills,Simulation|C++|Python|Computer Vision|Control Systems|Problem Solving,1,0.06666666666666667,OBSERVED
required_skills,EU AI Act|Documentation|Auditing|Legal Knowledge|Cloud|Research,1,0.06666666666666667,OBSERVED
required_skills,Kubernetes|PyTorch|SQL|Python|TensorFlow|Problem Solving|Cloud,1,0.06666666666666667,OBSERVED
required_skills,Tool Use|APIs|Python|AutoGen|SQL|Problem Solving|Agile,1,0.06666666666666667,OBSERVED
required_skills,OpenCV|PyTorch|CNNs|Image Processing|Python|Statistics,1,0.06666666666666667,OBSERVED
required_skills,Data Analysis|Agile|Product Strategy|AI Literacy|Stakeholder Mgmt|Statistics|Leadership,1,0.06666666666666667,OBSERVED
required_skills,ML|Deep Learning|Advanced Statistics|SQL|Leadership|Agile,1,0.06666666666666667,OBSERVED
required_skills,Python|PyTorch|Fine-tuning|APIs|Leadership,1,0.06666666666666667,OBSERVED
required_skills,PyTorch|Python|Distributed Systems|MLOps|System Design|Git|SQL,1,0.06666666666666667,OBSERVED
required_skills,Airflow|SQL|Python|Spark|dbt|Feature Stores|Git|Leadership,1,0.06666666666666667,OBSERVED
required_skills,Product Strategy|Agile|AI Literacy|Data Analysis|Leadership,1,0.06666666666666667,OBSERVED
required_skills,Communication|Ethics Frameworks|AI Policy|Risk Assessment|Statistics|Agile,1,0.06666666666666667,OBSERVED
required_skills,Python|Risk Analysis|Cybersecurity|SQL|Agile,1,0.06666666666666667,OBSERVED
required_skills,Product Strategy|Agile|Stakeholder Mgmt|Agile|Problem Solving|Git,1,0.06666666666666667,OBSERVED
required_skills,Cloud|Kubernetes|Docker|SQL|Agile|Linux,1,0.06666666666666667,OBSERVED
required_skills,Vector DBs|LLM APIs|RAG|SQL|Cloud|Statistics,1,0.06666666666666667,OBSERVED
required_skills,Python|Deep Learning|ML|Advanced Statistics|SQL|Cloud,1,0.06666666666666667,OBSERVED
required_skills,Python|ML Algorithms|Scikit-learn|Data Visualization|Statistics|SQL|Leadership|Agile|Git,1,0.06666666666666667,OBSERVED
required_skills,LLM Integration|Python|PyTorch|Docker|Cloud (AWS/GCP/Azure)|Leadership|Research|SQL,1,0.06666666666666667,OBSERVED
required_skills,TensorFlow|PyTorch|Kubernetes|Leadership|Statistics,1,0.06666666666666667,OBSERVED
required_skills,Causal Inference|Leadership|ML|Advanced Statistics|Deep Learning|Python|Research,1,0.06666666666666667,OBSERVED
required_skills,MLOps|SQL|Python|PyTorch|TensorFlow|Statistics|Git|Cloud,1,0.06666666666666667,OBSERVED
required_skills,ETL|dbt|Feature Stores|Python|SQL|Spark|Linux,1,0.06666666666666667,OBSERVED
required_skills,MLflow|Python|Kubernetes|Monitoring|CI/CD|Git|Cloud,1,0.06666666666666667,OBSERVED
required_skills,Airflow|Feature Stores|SQL|ETL|dbt|Python|Spark|Problem Solving|Statistics|Communication,1,0.06666666666666667,OBSERVED
required_skills,Ethics Frameworks|Communication|AI Policy|Statistics|Problem Solving|Git,1,0.06666666666666667,OBSERVED
required_skills,Transformers|LLMs|Python|BERT|Text Processing|Communication,1,0.06666666666666667,OBSERVED
required_skills,Legal Knowledge|EU AI Act|Auditing|Communication|SQL,1,0.06666666666666667,OBSERVED
required_skills,Risk Assessment|Ethics Frameworks|Research|Linux|Cloud|Git,1,0.06666666666666667,OBSERVED
required_skills,Data Analysis|Stakeholder Mgmt|Product Strategy|AI Literacy|Agile|Agile|Linux,1,0.06666666666666667,OBSERVED
required_skills,GPU Computing|PyTorch|CUDA|TensorFlow|Neural Networks|Leadership|Research|SQL,1,0.06666666666666667,OBSERVED
required_skills,PyTorch|Kubernetes|SQL|Cloud|Git|Agile,1,0.06666666666666667,OBSERVED
required_skills,Embeddings|LangChain|Python|LLMs|Vector DBs|Problem Solving|Research|Leadership,1,0.06666666666666667,OBSERVED
required_skills,LLMs|Transformers|Hugging Face|Python|Linux|Problem Solving|Leadership,1,0.06666666666666667,OBSERVED
required_skills,LLM APIs|Testing|Python|Prompt Design|Documentation|Leadership|Cloud,1,0.06666666666666667,OBSERVED
required_skills,PyTorch|Python|Docker|LLM Integration|Cloud (AWS/GCP/Azure)|Cloud|Agile|Research,1,0.06666666666666667,OBSERVED
required_skills,CUDA|Python|GPU Computing|PyTorch|Neural Networks|Linux,1,0.06666666666666667,OBSERVED
required_skills,Leadership|Cloud|System Design|Cloud|Statistics|Agile,1,0.06666666666666667,OBSERVED
required_skills,Kubernetes|Storage|Cloud|Distributed Systems|CUDA|Networking|Statistics,1,0.06666666666666667,OBSERVED
required_skills,Storage|CUDA|Networking|Cloud|Research|Agile|Statistics,1,0.06666666666666667,OBSERVED
required_skills,Deployment|Python|GenAI APIs|SQL|Linux|Leadership,1,0.06666666666666667,OBSERVED
required_skills,Cybersecurity|Red Teaming|Python|Risk Analysis|ML Security|Communication,1,0.06666666666666667,OBSERVED
required_skills,Statistics|Scikit-learn|SQL|Communication|Problem Solving|Leadership,1,0.06666666666666667,OBSERVED
required_skills,LLM Integration|Python|PyTorch|Docker|Cloud (AWS/GCP/Azure)|Linux,1,0.06666666666666667,OBSERVED
required_skills,Python|LLMs|Deployment|GenAI APIs|Diffusion Models|Fine-tuning|Agile|Statistics,1,0.06666666666666667,OBSERVED
required_skills,AI Literacy|Product Strategy|Data Analysis|Stakeholder Mgmt|Agile|Cloud|Linux|Problem Solving,1,0.06666666666666667,OBSERVED
required_skills,Python|ML Algorithms|Statistics|SQL|Leadership|Agile|Statistics,1,0.06666666666666667,OBSERVED
required_skills,Risk Analysis|Cybersecurity|Red Teaming|Python|Statistics|Research,1,0.06666666666666667,OBSERVED
required_skills,Leadership|Causal Inference|Python|Deep Learning|ML|SQL|Agile|Research,1,0.06666666666666667,OBSERVED
required_skills,Documentation|Legal Knowledge|Auditing|Agile|Cloud|Problem Solving,1,0.06666666666666667,OBSERVED
required_skills,Neural Networks|PyTorch|Python|TensorFlow|Agile|Cloud|Research,1,0.06666666666666667,OBSERVED
required_skills,Stakeholder Mgmt|Product Strategy|Agile|Linux|Statistics|Cloud,1,0.06666666666666667,OBSERVED
required_skills,Research|Mathematics|PyTorch|SQL|Problem Solving|Cloud,1,0.06666666666666667,OBSERVED
required_skills,SQL|Python|Kubernetes|TensorFlow|MLOps|Git|SQL|Problem Solving,1,0.06666666666666667,OBSERVED
required_skills,System Design|Leadership|Cloud|Python|ML|Enterprise Architecture|Cloud|Agile,1,0.06666666666666667,OBSERVED
required_skills,Python|Deep Learning|Causal Inference|Research,1,0.06666666666666667,OBSERVED
required_skills,PyTorch|Fine-tuning|APIs|Python|Vision-Language Models|Linux|Communication,1,0.06666666666666667,OBSERVED
required_skills,System Design|Python|Cloud|Leadership|ML|Enterprise Architecture|SQL|Agile|Cloud,1,0.06666666666666667,OBSERVED
required_skills,Risk Assessment|Ethics Frameworks|Communication|Research,1,0.06666666666666667,OBSERVED
required_skills,Documentation|Auditing|Legal Knowledge|Communication|Cloud,1,0.06666666666666667,OBSERVED
required_skills,Product Strategy|AI Literacy|Stakeholder Mgmt|Data Analysis|Agile|Agile|Cloud|Research,1,0.06666666666666667,OBSERVED
required_skills,PyTorch|Python|Distributed Systems|Linux|SQL|Cloud,1,0.06666666666666667,OBSERVED
required_skills,PyTorch|MLOps|Distributed Systems|LLM Fine-tuning|Python|System Design|Agile|Git|Statistics,1,0.06666666666666667,OBSERVED
required_skills,PyTorch|System Design|Python|Problem Solving|SQL|Research,1,0.06666666666666667,OBSERVED
required_skills,Neural Networks|PyTorch|TensorFlow|Agile|Research,1,0.06666666666666667,OBSERVED
required_skills,Docker|Python|LLM Integration|Cloud (AWS/GCP/Azure)|Problem Solving,1,0.06666666666666667,OBSERVED
required_skills,Control Systems|C++|ROS|Simulation|Cloud|SQL,1,0.06666666666666667,OBSERVED
required_skills,Python|APIs|Fine-tuning|SQL|Research|Communication,1,0.06666666666666667,OBSERVED
required_skills,LLMs|Transformers|BERT|Research,1,0.06666666666666667,OBSERVED
required_skills,Cloud (AWS/GCP/Azure)|Python|Docker|PyTorch|Linux,1,0.06666666666666667,OBSERVED
required_skills,Cloud (AWS/GCP/Azure)|LLM Integration|Python|Docker|PyTorch|Leadership|Git,1,0.06666666666666667,OBSERVED
required_skills,Python|APIs|PyTorch|Problem Solving|Linux,1,0.06666666666666667,OBSERVED
required_skills,Python|Kubernetes|SQL|TensorFlow|Git|Research|Linux,1,0.06666666666666667,OBSERVED
required_skills,Vision-Language Models|APIs|Python|Fine-tuning|PyTorch|Agile|SQL,1,0.06666666666666667,OBSERVED
required_skills,Data Visualization|Statistics|Python|Problem Solving,1,0.06666666666666667,OBSERVED
required_skills,CUDA|PyTorch|Image Processing|CNNs|Research|SQL|Git,1,0.06666666666666667,OBSERVED
required_skills,Vision-Language Models|APIs|Fine-tuning|SQL,1,0.06666666666666667,OBSERVED
required_skills,LLMs|BERT|Transformers|Hugging Face|SQL|Statistics,1,0.06666666666666667,OBSERVED
required_skills,dbt|Spark|Python|SQL|Airflow|Feature Stores|ETL|Leadership,1,0.06666666666666667,OBSERVED
required_skills,Python|Testing|Prompt Design|NLP|LLM APIs|Documentation|Research|Linux|Leadership,1,0.06666666666666667,OBSERVED
required_skills,Image Processing|CNNs|Python|Research|SQL|Git,1,0.06666666666666667,OBSERVED
required_skills,Diffusion Models|Python|Fine-tuning|LLMs|Deployment|Leadership|Linux,1,0.06666666666666667,OBSERVED
required_skills,Python|CUDA|GPU Computing|Neural Networks|PyTorch|TensorFlow|Research,1,0.06666666666666667,OBSERVED
required_skills,Python|LangChain|Tool Use|Linux|Leadership,1,0.06666666666666667,OBSERVED
required_skills,Python|MLflow|Kubernetes|Monitoring|Communication|SQL,1,0.06666666666666667,OBSERVED
required_skills,Computer Vision|Control Systems|Python|ROS|C++|Statistics|Communication,1,0.06666666666666667,OBSERVED
required_skills,Agile|Stakeholder Mgmt|Product Strategy|Data Analysis|Communication|Git,1,0.06666666666666667,OBSERVED
required_skills,Risk Assessment|Communication|AI Policy|Linux|SQL|Problem Solving,1,0.06666666666666667,OBSERVED
required_skills,ML Security|Python|Risk Analysis|Red Teaming|Cybersecurity|Leadership|SQL,1,0.06666666666666667,OBSERVED
required_skills,Product Strategy|Agile|Stakeholder Mgmt|Data Analysis|AI Literacy|Research,1,0.06666666666666667,OBSERVED
required_skills,LLM APIs|RAG|Vector DBs|Problem Solving|Linux,1,0.06666666666666667,OBSERVED
required_skills,Python|Fine-tuning|Prompt Engineering|LLM APIs|Leadership,1,0.06666666666666667,OBSERVED
required_skills,Communication|SQL|Business Analysis|Python|Data Visualization|Cloud,1,0.06666666666666667,OBSERVED
required_skills,Computer Vision|C++|Simulation|Problem Solving|Communication|Leadership,1,0.06666666666666667,OBSERVED
required_skills,Risk Assessment|Research|Ethics Frameworks|AI Policy|Linux|Communication,1,0.06666666666666667,OBSERVED
required_skills,Python|Simulation|ROS|Computer Vision|Control Systems|C++|Research|Linux,1,0.06666666666666667,OBSERVED
required_skills,Feature Stores|Spark|Python|Airflow|Agile,1,0.06666666666666667,OBSERVED
required_skills,Research|Communication|AI Policy|Risk Assessment|Ethics Frameworks|Linux,1,0.06666666666666667,OBSERVED
required_skills,Python|Cloud|System Design|Cloud|Communication,1,0.06666666666666667,OBSERVED
required_skills,Stakeholder Mgmt|AI Literacy|Product Strategy|Data Analysis|Agile|Linux,1,0.06666666666666667,OBSERVED
required_skills,Kubernetes|Cloud|Networking|Distributed Systems|Storage|Problem Solving,1,0.06666666666666667,OBSERVED
required_skills,Docker|Monitoring|MLflow|Cloud|CI/CD|Statistics|Communication,1,0.06666666666666667,OBSERVED
required_skills,ETL|SQL|Airflow|dbt|Python|Problem Solving,1,0.06666666666666667,OBSERVED
required_skills,Python|Business Analysis|Communication|SQL|Data Visualization|Git,1,0.06666666666666667,OBSERVED
required_skills,Python|GenAI APIs|Diffusion Models|Linux,1,0.06666666666666667,OBSERVED
required_skills,Image Processing|Python|PyTorch|CNNs|OpenCV|CUDA|Git|Leadership|Cloud,1,0.06666666666666667,OBSERVED
required_skills,Fine-tuning|Prompt Engineering|RAG|LLM APIs|Python|Vector DBs|Research|SQL|Linux,1,0.06666666666666667,OBSERVED
required_skills,LLMs|Transformers|Hugging Face|Python|BERT|Text Processing|Linux,1,0.06666666666666667,OBSERVED
required_skills,AI Literacy|Stakeholder Mgmt|Product Strategy|Data Analysis|Agile|Problem Solving,1,0.06666666666666667,OBSERVED
required_skills,Python|SQL|Communication|Business Analysis|Data Visualization|Cloud,1,0.06666666666666667,OBSERVED
required_skills,Causal Inference|Leadership|Advanced Statistics|ML|Python|Statistics|Cloud,1,0.06666666666666667,OBSERVED
required_skills,Networking|Kubernetes|Storage|Distributed Systems|CUDA|Cloud|Communication|Problem Solving,1,0.06666666666666667,OBSERVED
required_skills,GenAI APIs|Diffusion Models|Python|Problem Solving|Statistics,1,0.06666666666666667,OBSERVED
required_skills,Leadership|Deep Learning|Causal Inference|ML|Python|Git|Leadership|Agile,1,0.06666666666666667,OBSERVED
required_skills,PyTorch|Cloud (AWS/GCP/Azure)|LLM Integration|Python|Problem Solving|Research,1,0.06666666666666667,OBSERVED
required_skills,Cloud|Storage|CUDA|Kubernetes|Networking|Distributed Systems|Communication|Linux|Cloud,1,0.06666666666666667,OBSERVED
required_skills,ML Algorithms|Python|SQL|Agile|Leadership|Statistics,1,0.06666666666666667,OBSERVED
required_skills,Deep Learning|Publishing|Mathematics|Python|Research|Communication,1,0.06666666666666667,OBSERVED
required_skills,SQL|Spark|ETL|Python|dbt|Communication,1,0.06666666666666667,OBSERVED
required_skills,Risk Management|Legal Knowledge|EU AI Act|Leadership,1,0.06666666666666667,OBSERVED
required_skills,Agile|Data Analysis|AI Literacy|Stakeholder Mgmt|Research|Statistics,1,0.06666666666666667,OBSERVED
required_skills,Cybersecurity|Python|Risk Analysis|ML Security|Red Teaming|Agile|Statistics,1,0.06666666666666667,OBSERVED
required_skills,Statistics|ML Algorithms|Scikit-learn|Data Visualization|Research|Git,1,0.06666666666666667,OBSERVED
required_skills,Python|Monitoring|Docker|Cloud|Problem Solving|Leadership|Communication,1,0.06666666666666667,OBSERVED
required_skills,Risk Management|EU AI Act|Legal Knowledge|Auditing|Git|Agile,1,0.06666666666666667,OBSERVED
required_skills,SQL|Airflow|Spark|ETL|Feature Stores|Python|dbt|Leadership|SQL|Linux,1,0.06666666666666667,OBSERVED
required_skills,Transformers|BERT|Text Processing|Python|Hugging Face|LLMs|Research|Problem Solving|Leadership,1,0.06666666666666667,OBSERVED
required_skills,LLM Fine-tuning|Distributed Systems|PyTorch|Statistics|Leadership|Cloud,1,0.06666666666666667,OBSERVED
required_skills,Deep Learning|Publishing|Mathematics|PyTorch|Communication|Git|Research,1,0.06666666666666667,OBSERVED
required_skills,Business Analysis|SQL|Python|Leadership,1,0.06666666666666667,OBSERVED
required_skills,ML|Deep Learning|Python|Linux,1,0.06666666666666667,OBSERVED
required_skills,Agile|Data Analysis|Stakeholder Mgmt|AI Literacy|Agile|Git|Research,1,0.06666666666666667,OBSERVED
required_skills,Control Systems|ROS|C++|Python|Simulation|Problem Solving|Agile|Statistics,1,0.06666666666666667,OBSERVED
required_skills,Cybersecurity|Red Teaming|ML Security|Linux,1,0.06666666666666667,OBSERVED
required_skills,Python|dbt|ETL|SQL|SQL,1,0.06666666666666667,OBSERVED
required_skills,MLOps|Kubernetes|PyTorch|Python|Leadership|Cloud,1,0.06666666666666667,OBSERVED
required_skills,Ethics Frameworks|Research|Communication|SQL|Research,1,0.06666666666666667,OBSERVED
required_skills,Scikit-learn|Python|SQL|Data Visualization|ML Algorithms|Research|Communication|Agile,1,0.06666666666666667,OBSERVED
required_skills,PyTorch|System Design|Python|MLOps|Leadership|Research,1,0.06666666666666667,OBSERVED
required_skills,PyTorch|TensorFlow|Kubernetes|SQL|Leadership|Agile,1,0.06666666666666667,OBSERVED
required_skills,Auditing|Documentation|Risk Management|Research,1,0.06666666666666667,OBSERVED
required_skills,Publishing|Python|PyTorch|Research|Statistics,1,0.06666666666666667,OBSERVED
required_skills,Mathematics|PyTorch|Deep Learning|Publishing|Python|Communication|Agile,1,0.06666666666666667,OBSERVED
required_skills,Deployment|LLMs|Python|GenAI APIs|Diffusion Models|SQL|Statistics,1,0.06666666666666667,OBSERVED
required_skills,Distributed Systems|Python|System Design|MLOps|LLM Fine-tuning|PyTorch|Agile|SQL,1,0.06666666666666667,OBSERVED
required_skills,Documentation|Risk Management|EU AI Act|Research,1,0.06666666666666667,OBSERVED
required_skills,LLM APIs|Prompt Design|Documentation|Testing|Python|Communication|Agile|SQL,1,0.06666666666666667,OBSERVED
required_skills,Python|Computer Vision|ROS|Simulation|SQL|Leadership|Cloud,1,0.06666666666666667,OBSERVED
required_skills,Python|Prompt Engineering|RAG|Research,1,0.06666666666666667,OBSERVED
required_skills,RAG|Vector DBs|Prompt Engineering|LLM APIs|Agile,1,0.06666666666666667,OBSERVED
required_skills,Cloud (AWS/GCP/Azure)|Docker|PyTorch|LLM Integration|Linux|Problem Solving,1,0.06666666666666667,OBSERVED
required_skills,Distributed Systems|MLOps|System Design|LLM Fine-tuning|Python|Statistics,1,0.06666666666666667,OBSERVED
required_skills,LLM Fine-tuning|System Design|MLOps|PyTorch|Distributed Systems|Problem Solving|Leadership|Agile,1,0.06666666666666667,OBSERVED
required_skills,PyTorch|Neural Networks|GPU Computing|TensorFlow|CUDA|Git|Leadership,1,0.06666666666666667,OBSERVED
required_skills,SQL|Scikit-learn|Python|Statistics|Leadership|SQL|Linux,1,0.06666666666666667,OBSERVED
required_skills,PyTorch|Mathematics|Deep Learning|Statistics|SQL,1,0.06666666666666667,OBSERVED
required_skills,Cloud (AWS/GCP/Azure)|LLM Integration|Python|Docker|Cloud|Communication,1,0.06666666666666667,OBSERVED
required_skills,Agile|AI Literacy|Stakeholder Mgmt|Product Strategy|Problem Solving,1,0.06666666666666667,OBSERVED
required_skills,Statistics|ML Algorithms|Data Visualization|Problem Solving|Agile|Statistics,1,0.06666666666666667,OBSERVED
required_skills,Python|Fine-tuning|Vision-Language Models|APIs|PyTorch|SQL,1,0.06666666666666667,OBSERVED
required_skills,Simulation|Python|Computer Vision|Control Systems|C++|Problem Solving|Git,1,0.06666666666666667,OBSERVED
required_skills,Python|ML Security|Cybersecurity|Red Teaming|Statistics|Linux|Agile,1,0.06666666666666667,OBSERVED
required_skills,Transformers|BERT|Text Processing|Hugging Face|Research|Linux,1,0.06666666666666667,OBSERVED
required_skills,GPU Computing|TensorFlow|Neural Networks|Python|CUDA|PyTorch|Cloud,1,0.06666666666666667,OBSERVED
required_skills,Risk Assessment|Research|AI Policy|Agile|SQL,1,0.06666666666666667,OBSERVED
required_skills,EU AI Act|Risk Management|Legal Knowledge|Documentation|Auditing|Linux,1,0.06666666666666667,OBSERVED
required_skills,RAG|Fine-tuning|Prompt Engineering|LLM APIs|Communication,1,0.06666666666666667,OBSERVED
required_skills,Python|LLM Integration|Cloud (AWS/GCP/Azure)|PyTorch|Docker|Agile|Research|Git,1,0.06666666666666667,OBSERVED
required_skills,Fine-tuning|APIs|Vision-Language Models|Python|PyTorch|SQL|Statistics,1,0.06666666666666667,OBSERVED
required_skills,CUDA|PyTorch|TensorFlow|Neural Networks|Python|GPU Computing|Problem Solving,1,0.06666666666666667,OBSERVED
required_skills,CUDA|OpenCV|PyTorch|Python|Image Processing|CNNs|Problem Solving,1,0.06666666666666667,OBSERVED
required_skills,Risk Analysis|Cybersecurity|ML Security|Red Teaming|Python|Agile|Statistics,1,0.06666666666666667,OBSERVED
required_skills,CI/CD|Python|Cloud|Git|Research|Problem Solving,1,0.06666666666666667,OBSERVED
required_skills,Python|PyTorch|System Design|LLM Fine-tuning|Distributed Systems|Leadership,1,0.06666666666666667,OBSERVED
required_skills,CI/CD|Cloud|MLflow|Docker|Cloud|Agile,1,0.06666666666666667,OBSERVED
required_skills,Python|Deep Learning|Publishing|Git|Cloud,1,0.06666666666666667,OBSERVED
required_skills,Communication|Data Visualization|Python|SQL|Business Analysis|Git|Statistics|Communication,1,0.06666666666666667,OBSERVED
required_skills,Computer Vision|Control Systems|C++|Simulation|ROS|Python|Statistics,1,0.06666666666666667,OBSERVED
required_skills,RAG|Python|Vector DBs|Prompt Engineering|Cloud|Linux,1,0.06666666666666667,OBSERVED
required_skills,Kubernetes|MLOps|PyTorch|SQL|Python|TensorFlow|SQL,1,0.06666666666666667,OBSERVED
required_skills,Risk Management|Auditing|Documentation|EU AI Act|Statistics,1,0.06666666666666667,OBSERVED
required_skills,Cloud (AWS/GCP/Azure)|Docker|Python|Agile,1,0.06666666666666667,OBSERVED
required_skills,Statistics|SQL|Scikit-learn|Python|Data Visualization|Leadership|Linux|SQL,1,0.06666666666666667,OBSERVED
required_skills,Python|LangChain|LLMs|Problem Solving,1,0.06666666666666667,OBSERVED
required_skills,Documentation|Risk Management|Auditing|EU AI Act|Git,1,0.06666666666666667,OBSERVED
required_skills,Risk Assessment|AI Policy|Communication|Research|Ethics Frameworks|Cloud,1,0.06666666666666667,OBSERVED
required_skills,Mathematics|Publishing|PyTorch|Research|Python|Statistics,1,0.06666666666666667,OBSERVED
required_skills,GenAI APIs|Python|Fine-tuning|Cloud,1,0.06666666666666667,OBSERVED
required_skills,Prompt Engineering|Python|Fine-tuning|LLM APIs|RAG|Agile|Cloud,1,0.06666666666666667,OBSERVED
required_skills,RAG|LLM APIs|Fine-tuning|Prompt Engineering|Python|Vector DBs|Git,1,0.06666666666666667,OBSERVED
required_skills,CUDA|Kubernetes|Networking|Storage|Distributed Systems|Leadership|Problem Solving|Agile,1,0.06666666666666667,OBSERVED
required_skills,PyTorch|MLOps|Distributed Systems|Python|System Design|SQL,1,0.06666666666666667,OBSERVED
required_skills,Python|LLM APIs|Testing|Cloud|Linux|Research,1,0.06666666666666667,OBSERVED
required_skills,Red Teaming|Risk Analysis|Cybersecurity|ML Security|Problem Solving|SQL,1,0.06666666666666667,OBSERVED
required_skills,Kubernetes|Python|TensorFlow|SQL|MLOps|Linux|SQL,1,0.06666666666666667,OBSERVED
required_skills,Prompt Engineering|RAG|Python|LLM APIs|Fine-tuning|Vector DBs|Cloud,1,0.06666666666666667,OBSERVED
required_skills,Image Processing|CUDA|Python|PyTorch|OpenCV|Git,1,0.06666666666666667,OBSERVED
required_skills,Cybersecurity|ML Security|Python|Red Teaming|Risk Analysis|Git|Problem Solving|Communication,1,0.06666666666666667,OBSERVED
required_skills,Python|LLM Fine-tuning|System Design|MLOps|Distributed Systems|PyTorch|Cloud|Agile|Leadership,1,0.06666666666666667,OBSERVED
required_skills,Python|Deployment|Fine-tuning|Diffusion Models|Cloud,1,0.06666666666666667,OBSERVED
required_skills,LLM Fine-tuning|MLOps|System Design|Python|Cloud|Leadership|Linux,1,0.06666666666666667,OBSERVED
required_skills,Python|Fine-tuning|Vector DBs|SQL|Problem Solving,1,0.06666666666666667,OBSERVED
required_skills,Python|C++|ROS|Control Systems|Simulation|Computer Vision|Cloud|Problem Solving|Communication,1,0.06666666666666667,OBSERVED
required_skills,Leadership|Cloud|Python|Enterprise Architecture|System Design|Leadership,1,0.06666666666666667,OBSERVED
required_skills,Search Systems|LangChain|Python|Vector DBs|Embeddings|LLMs|Agile,1,0.06666666666666667,OBSERVED
required_skills,APIs|Python|Vision-Language Models|Fine-tuning|SQL,1,0.06666666666666667,OBSERVED
required_skills,Airflow|SQL|Python|Agile,1,0.06666666666666667,OBSERVED
required_skills,LLMs|Deployment|Python|Research|Leadership,1,0.06666666666666667,OBSERVED
required_skills,Data Analysis|AI Literacy|Stakeholder Mgmt|Agile|Problem Solving|Leadership|Research,1,0.06666666666666667,OBSERVED
required_skills,Prompt Engineering|Python|Fine-tuning|LLM APIs|Vector DBs|Git|Statistics|Research,1,0.06666666666666667,OBSERVED
required_skills,LangChain|Vector DBs|Python|LLMs|Search Systems|Embeddings|Problem Solving|SQL,1,0.06666666666666667,OBSERVED
required_skills,Monitoring|Docker|MLflow|CI/CD|Kubernetes|Cloud|SQL|Statistics,1,0.06666666666666667,OBSERVED
required_skills,MLOps|Python|System Design|PyTorch|LLM Fine-tuning|Distributed Systems|Research|SQL|Statistics,1,0.06666666666666667,OBSERVED
required_skills,Embeddings|Vector DBs|LLMs|Python|LangChain|Search Systems|Cloud,1,0.06666666666666667,OBSERVED
required_skills,Distributed Systems|Cloud|Storage|Linux,1,0.06666666666666667,OBSERVED
required_skills,Python|LLM Integration|Cloud (AWS/GCP/Azure)|Communication,1,0.06666666666666667,OBSERVED
required_skills,OpenCV|Python|CUDA|Communication,1,0.06666666666666667,OBSERVED
required_skills,AutoGen|Tool Use|APIs|Python|Planning Systems|LangChain|Linux|Research,1,0.06666666666666667,OBSERVED
required_skills,TensorFlow|PyTorch|Kubernetes|Python|SQL|MLOps|Linux,1,0.06666666666666667,OBSERVED
required_skills,Vision-Language Models|PyTorch|APIs|Linux|Research|Problem Solving,1,0.06666666666666667,OBSERVED
required_skills,AutoGen|Planning Systems|Python|Tool Use|Statistics|Research,1,0.06666666666666667,OBSERVED
required_skills,Search Systems|Python|Embeddings|Research|Leadership,1,0.06666666666666667,OBSERVED
required_skills,Fine-tuning|PyTorch|APIs|Research,1,0.06666666666666667,OBSERVED
required_skills,Leadership|System Design|Enterprise Architecture|Cloud|ML|Python|SQL,1,0.06666666666666667,OBSERVED
required_skills,CI/CD|Cloud|Kubernetes|Docker|Cloud,1,0.06666666666666667,OBSERVED
required_skills,Docker|LLM Integration|Python|Git,1,0.06666666666666667,OBSERVED
required_skills,Risk Analysis|Red Teaming|Python|ML Security|Cybersecurity|Leadership,1,0.06666666666666667,OBSERVED
required_skills,LLMs|BERT|Text Processing|Linux|Communication|Statistics,1,0.06666666666666667,OBSERVED
required_skills,CUDA|GPU Computing|Neural Networks|PyTorch|Python|SQL|Problem Solving,1,0.06666666666666667,OBSERVED
required_skills,C++|ROS|Computer Vision|Simulation|SQL|Agile|Leadership,1,0.06666666666666667,OBSERVED
required_skills,Neural Networks|GPU Computing|CUDA|Python|Communication|Leadership|Cloud,1,0.06666666666666667,OBSERVED
required_skills,CUDA|CNNs|PyTorch|Git|Problem Solving,1,0.06666666666666667,OBSERVED
required_skills,Leadership|ML|Cloud|Research,1,0.06666666666666667,OBSERVED
required_skills,LLM Fine-tuning|Distributed Systems|PyTorch|Git|Cloud,1,0.06666666666666667,OBSERVED
required_skills,LLM Fine-tuning|System Design|Distributed Systems|Research|SQL,1,0.06666666666666667,OBSERVED
required_skills,APIs|PyTorch|Fine-tuning|Agile,1,0.06666666666666667,OBSERVED
required_skills,Python|C++|Computer Vision|ROS|Linux,1,0.06666666666666667,OBSERVED
required_skills,AI Policy|Ethics Frameworks|Research|Linux|Research|Git,1,0.06666666666666667,OBSERVED
required_skills,Python|Leadership|ML|SQL|Problem Solving|Research,1,0.06666666666666667,OBSERVED
required_skills,Control Systems|Simulation|Python|Computer Vision|C++|ROS|Agile|Problem Solving|Research,1,0.06666666666666667,OBSERVED
required_skills,Networking|Distributed Systems|CUDA|Storage|Problem Solving,1,0.06666666666666667,OBSERVED
required_skills,Fine-tuning|GenAI APIs|Diffusion Models|Deployment|Cloud,1,0.06666666666666667,OBSERVED
required_skills,Kubernetes|Distributed Systems|CUDA|Networking|Cloud|SQL|Statistics|Leadership,1,0.06666666666666667,OBSERVED
required_skills,Product Strategy|Data Analysis|Stakeholder Mgmt|Statistics|Git,1,0.06666666666666667,OBSERVED
required_skills,Statistics|SQL|Data Visualization|Research|Cloud|SQL,1,0.06666666666666667,OBSERVED
required_skills,AI Literacy|Agile|Data Analysis|Statistics|SQL|Leadership,1,0.06666666666666667,OBSERVED
required_skills,Neural Networks|TensorFlow|Python|Git|Research,1,0.06666666666666667,OBSERVED
required_skills,Communication|Python|Data Visualization|SQL|Problem Solving,1,0.06666666666666667,OBSERVED
required_skills,Cloud|Python|Leadership|Enterprise Architecture|Cloud,1,0.06666666666666667,OBSERVED
required_skills,LLMs|Text Processing|Hugging Face|Python|Transformers|Linux|Cloud|Communication,1,0.06666666666666667,OBSERVED
required_skills,Python|Fine-tuning|Vision-Language Models|Research|Cloud,1,0.06666666666666667,OBSERVED
required_skills,Python|Neural Networks|TensorFlow|CUDA|GPU Computing|Linux|Problem Solving|Communication,1,0.06666666666666667,OBSERVED
required_skills,Planning Systems|AutoGen|LangChain|Python|APIs|Tool Use|Cloud,1,0.06666666666666667,OBSERVED
required_skills,Cloud|Leadership|Python|Linux|Cloud,1,0.06666666666666667,OBSERVED
required_skills,Distributed Systems|Networking|Cloud|CUDA|Storage|Research,1,0.06666666666666667,OBSERVED
required_skills,Storage|Kubernetes|Distributed Systems|CUDA|Linux|Research,1,0.06666666666666667,OBSERVED
required_skills,CUDA|PyTorch|CNNs|Image Processing|Python|SQL,1,0.06666666666666667,OBSERVED
required_skills,LLMs|Python|Search Systems|LangChain|Embeddings|Research,1,0.06666666666666667,OBSERVED
required_skills,Leadership|Advanced Statistics|Deep Learning|Causal Inference|Python|Cloud,1,0.06666666666666667,OBSERVED
required_skills,LLM Integration|Docker|Python|Cloud (AWS/GCP/Azure)|PyTorch|Statistics|Linux,1,0.06666666666666667,OBSERVED
required_skills,Cybersecurity|Risk Analysis|ML Security|Problem Solving|Communication|Research,1,0.06666666666666667,OBSERVED
required_skills,Risk Assessment|Ethics Frameworks|Research|Communication|AI Policy|Agile|Communication|Problem Solving,1,0.06666666666666667,OBSERVED
required_skills,ROS|Computer Vision|Control Systems|Simulation|SQL|Statistics|Cloud,1,0.06666666666666667,OBSERVED
required_skills,Fine-tuning|Vector DBs|Python|LLM APIs|Prompt Engineering|RAG|SQL|Research,1,0.06666666666666667,OBSERVED
required_skills,LLM APIs|Documentation|NLP|Prompt Design|Git|Problem Solving,1,0.06666666666666667,OBSERVED
required_skills,Product Strategy|Agile|Stakeholder Mgmt|Data Analysis|AI Literacy|Communication,1,0.06666666666666667,OBSERVED
required_skills,Transformers|BERT|Python|Text Processing|LLMs|Hugging Face|Agile,1,0.06666666666666667,OBSERVED
required_skills,PyTorch|APIs|Fine-tuning|Vision-Language Models|Problem Solving|Agile|Research,1,0.06666666666666667,OBSERVED
required_skills,Legal Knowledge|Auditing|Documentation|Risk Management|Cloud,1,0.06666666666666667,OBSERVED
required_skills,PyTorch|LLM Integration|Docker|Problem Solving|Cloud,1,0.06666666666666667,OBSERVED
required_skills,Leadership|System Design|ML|Python|Enterprise Architecture|Research|Leadership,1,0.06666666666666667,OBSERVED
required_skills,AI Literacy|Data Analysis|Stakeholder Mgmt|Agile|Linux|Statistics|SQL,1,0.06666666666666667,OBSERVED
required_skills,ETL|Feature Stores|Airflow|Python|dbt|Communication|Linux,1,0.06666666666666667,OBSERVED
required_skills,Leadership|Causal Inference|ML|Python|Deep Learning|Advanced Statistics|Git,1,0.06666666666666667,OBSERVED
required_skills,Leadership|Python|Enterprise Architecture|ML|System Design|Linux|Statistics,1,0.06666666666666667,OBSERVED
required_skills,SQL|Kubernetes|Python|Problem Solving,1,0.06666666666666667,OBSERVED
required_skills,Docker|Cloud (AWS/GCP/Azure)|PyTorch|Python|Linux,1,0.06666666666666667,OBSERVED
required_skills,Embeddings|Search Systems|Python|LLMs|LangChain|Vector DBs|Research|Git|Statistics,1,0.06666666666666667,OBSERVED
required_skills,PyTorch|MLOps|Python|Kubernetes|Research,1,0.06666666666666667,OBSERVED
required_skills,Python|Diffusion Models|Deployment|GenAI APIs|Fine-tuning|LLMs|Git|Leadership,1,0.06666666666666667,OBSERVED
required_skills,RAG|Prompt Engineering|Fine-tuning|Communication|Git|Leadership,1,0.06666666666666667,OBSERVED
required_skills,APIs|Python|Planning Systems|Cloud|Research,1,0.06666666666666667,OBSERVED
required_skills,Legal Knowledge|Risk Management|Auditing|SQL|Leadership|Agile,1,0.06666666666666667,OBSERVED
required_skills,PyTorch|GPU Computing|CUDA|Python|TensorFlow|Neural Networks|Leadership|Agile,1,0.06666666666666667,OBSERVED
required_skills,PyTorch|Docker|LLM Integration|Python|Research,1,0.06666666666666667,OBSERVED
required_skills,Search Systems|Vector DBs|Embeddings|LLMs|Research|Leadership,1,0.06666666666666667,OBSERVED
required_skills,NLP|Documentation|Prompt Design|LLM APIs|Problem Solving|Leadership,1,0.06666666666666667,OBSERVED
required_skills,AutoGen|APIs|LangChain|Python|Tool Use|Planning Systems|Git,1,0.06666666666666667,OBSERVED
required_skills,Python|LLM APIs|RAG|Research|Cloud|Agile,1,0.06666666666666667,OBSERVED
required_skills,Docker|Cloud|Python|Cloud,1,0.06666666666666667,OBSERVED
required_skills,Communication|Business Analysis|SQL|Python|Data Visualization|Communication|SQL,1,0.06666666666666667,OBSERVED
required_skills,Mathematics|Research|Publishing|Deep Learning|PyTorch|Agile|Cloud,1,0.06666666666666667,OBSERVED
required_skills,Diffusion Models|LLMs|GenAI APIs|Communication|Agile|Leadership,1,0.06666666666666667,OBSERVED
required_skills,Legal Knowledge|Risk Management|Documentation|Auditing|EU AI Act|Leadership|Problem Solving|Agile,1,0.06666666666666667,OBSERVED
required_skills,PyTorch|TensorFlow|MLOps|SQL|Kubernetes|Problem Solving|Linux,1,0.06666666666666667,OBSERVED
required_skills,Distributed Systems|System Design|Python|MLOps|Communication,1,0.06666666666666667,OBSERVED
required_skills,GPU Computing|CUDA|PyTorch|Agile,1,0.06666666666666667,OBSERVED
required_skills,PyTorch|MLOps|Distributed Systems|System Design|Linux|SQL|Communication,1,0.06666666666666667,OBSERVED
required_skills,Python|Hugging Face|BERT|Linux|Agile|Cloud,1,0.06666666666666667,OBSERVED
required_skills,Cloud|ML|System Design|Python|Leadership|Statistics|SQL|Linux,1,0.06666666666666667,OBSERVED
required_skills,Python|GenAI APIs|Deployment|Diffusion Models|Cloud|Git,1,0.06666666666666667,OBSERVED
required_skills,MLOps|PyTorch|Distributed Systems|System Design|LLM Fine-tuning|Python|SQL,1,0.06666666666666667,OBSERVED
required_skills,Fine-tuning|GenAI APIs|Python|Diffusion Models|Agile|Research|Git,1,0.06666666666666667,OBSERVED
required_skills,RAG|LLM APIs|Python|Prompt Engineering|Fine-tuning|Vector DBs|Git|Problem Solving,1,0.06666666666666667,OBSERVED
required_skills,SQL|MLOps|PyTorch|Kubernetes|Git|Linux|Leadership,1,0.06666666666666667,OBSERVED
required_skills,CI/CD|MLflow|Python|Kubernetes|Linux,1,0.06666666666666667,OBSERVED
required_skills,Risk Assessment|Ethics Frameworks|Research|AI Policy|Communication|Cloud|Statistics|Communication,1,0.06666666666666667,OBSERVED
required_skills,Mathematics|Deep Learning|PyTorch|Python|Statistics,1,0.06666666666666667,OBSERVED
required_skills,Python|Business Analysis|Communication|Research|SQL,1,0.06666666666666667,OBSERVED
required_skills,Docker|LLM Integration|Python|PyTorch|Cloud (AWS/GCP/Azure)|Agile|Communication,1,0.06666666666666667,OBSERVED
required_skills,BERT|Hugging Face|Transformers|Python|Git|Cloud,1,0.06666666666666667,OBSERVED
required_skills,Python|PyTorch|Research|Mathematics|Problem Solving|Cloud|Communication,1,0.06666666666666667,OBSERVED
required_skills,Research|Communication|Ethics Frameworks|AI Policy|Risk Assessment|Cloud,1,0.06666666666666667,OBSERVED
required_skills,SQL|Feature Stores|Airflow|Linux,1,0.06666666666666667,OBSERVED
required_skills,Python|Cloud|CI/CD|Kubernetes|Docker|MLflow|Linux|Problem Solving|Git,1,0.06666666666666667,OBSERVED
required_skills,Vector DBs|LLM APIs|Prompt Engineering|RAG|Python|Fine-tuning|Linux|Cloud|Problem Solving,1,0.06666666666666667,OBSERVED
required_skills,Python|Diffusion Models|GenAI APIs|Deployment|LLMs|Fine-tuning|Research,1,0.06666666666666667,OBSERVED
required_skills,AutoGen|Python|Tool Use|Statistics,1,0.06666666666666667,OBSERVED
required_skills,Docker|Python|LLM Integration|Linux|Cloud|Problem Solving,1,0.06666666666666667,OBSERVED
required_skills,Mathematics|Publishing|Deep Learning|Research|Communication,1,0.06666666666666667,OBSERVED
required_skills,Documentation|EU AI Act|Legal Knowledge|Auditing|Risk Management|Leadership,1,0.06666666666666667,OBSERVED
required_skills,LLMs|Diffusion Models|Fine-tuning|SQL|Cloud|Research,1,0.06666666666666667,OBSERVED
required_skills,Legal Knowledge|Auditing|Documentation|EU AI Act|Risk Management|Statistics|Research,1,0.06666666666666667,OBSERVED
required_skills,Simulation|Computer Vision|Control Systems|Python|Cloud|Leadership|Problem Solving,1,0.06666666666666667,OBSERVED
required_skills,LangChain|Embeddings|Python|Vector DBs|LLMs|Problem Solving,1,0.06666666666666667,OBSERVED
required_skills,Cloud|MLflow|CI/CD|Docker|Monitoring|Kubernetes|Python|Statistics|Agile|Cloud,1,0.06666666666666667,OBSERVED
required_skills,NLP|Testing|Prompt Design|LLM APIs|Problem Solving|Leadership,1,0.06666666666666667,OBSERVED
required_skills,Python|CI/CD|Docker|MLflow|Cloud|Monitoring|Kubernetes|Linux|Leadership,1,0.06666666666666667,OBSERVED
required_skills,Control Systems|Simulation|Computer Vision|Python|Git|Leadership|Statistics,1,0.06666666666666667,OBSERVED
required_skills,Simulation|Python|ROS|C++|Control Systems|Computer Vision|Communication|Research,1,0.06666666666666667,OBSERVED
required_skills,Python|Fine-tuning|PyTorch|Vision-Language Models|Cloud,1,0.06666666666666667,OBSERVED
required_skills,Data Visualization|ML Algorithms|Python|Statistics|Agile|Statistics,1,0.06666666666666667,OBSERVED
required_skills,Monitoring|MLflow|Docker|Kubernetes|Cloud|CI/CD|Python|Git,1,0.06666666666666667,OBSERVED
required_skills,PyTorch|Image Processing|OpenCV|CUDA|CNNs|Linux|Git,1,0.06666666666666667,OBSERVED
required_skills,MLflow|CI/CD|Python|Kubernetes|Cloud|Docker|Monitoring|Agile|Communication|Git,1,0.06666666666666667,OBSERVED
required_skills,Deep Learning|Causal Inference|Leadership|ML|Advanced Statistics|Linux,1,0.06666666666666667,OBSERVED
required_skills,Python|Vector DBs|Fine-tuning|Prompt Engineering|RAG|LLM APIs|Problem Solving|Git,1,0.06666666666666667,OBSERVED
required_skills,Legal Knowledge|EU AI Act|Risk Management|Agile|Research|Communication,1,0.06666666666666667,OBSERVED
required_skills,Docker|PyTorch|Cloud (AWS/GCP/Azure)|Python|LLM Integration|Research,1,0.06666666666666667,OBSERVED
required_skills,PyTorch|Research|Python|Publishing|Deep Learning|Mathematics|Agile|Cloud,1,0.06666666666666667,OBSERVED
required_skills,APIs|Python|Tool Use|AutoGen|Planning Systems|Leadership,1,0.06666666666666667,OBSERVED
required_skills,Text Processing|LLMs|BERT|Transformers|Python|Hugging Face|SQL|Git|Problem Solving,1,0.06666666666666667,OBSERVED
required_skills,AI Literacy|Stakeholder Mgmt|Agile|Git,1,0.06666666666666667,OBSERVED
required_skills,Mathematics|Python|Publishing|Deep Learning|Git,1,0.06666666666666667,OBSERVED
required_skills,MLOps|Python|System Design|Leadership|Agile|Problem Solving,1,0.06666666666666667,OBSERVED
required_skills,Python|Distributed Systems|LLM Fine-tuning|MLOps|PyTorch|System Design|Problem Solving|Communication|Agile,1,0.06666666666666667,OBSERVED
required_skills,Cloud (AWS/GCP/Azure)|Docker|Python|Cloud|Problem Solving|Communication,1,0.06666666666666667,OBSERVED
required_skills,Python|Deep Learning|Advanced Statistics|ML|Git|Statistics|Research,1,0.06666666666666667,OBSERVED
required_skills,Python|Transformers|BERT|LLMs|Hugging Face|Cloud|SQL,1,0.06666666666666667,OBSERVED
required_skills,MLOps|Python|PyTorch|System Design|Leadership|Cloud,1,0.06666666666666667,OBSERVED
required_skills,Airflow|Python|Spark|Feature Stores|Problem Solving|Leadership,1,0.06666666666666667,OBSERVED
required_skills,Vision-Language Models|APIs|Python|PyTorch|Problem Solving|Cloud|Leadership,1,0.06666666666666667,OBSERVED
required_skills,Deep Learning|PyTorch|Mathematics|Communication|Cloud|Statistics,1,0.06666666666666667,OBSERVED
required_skills,Python|Cloud (AWS/GCP/Azure)|PyTorch|LLM Integration|Docker|Git|Leadership,1,0.06666666666666667,OBSERVED
required_skills,LLM APIs|Testing|Python|NLP|Research|Agile|Statistics,1,0.06666666666666667,OBSERVED
required_skills,Deep Learning|Leadership|Python|ML|Advanced Statistics|Causal Inference|SQL|Communication|Agile,1,0.06666666666666667,OBSERVED
required_skills,Python|System Design|ML|Leadership|Enterprise Architecture|Cloud|SQL|Git|Statistics,1,0.06666666666666667,OBSERVED
required_skills,Advanced Statistics|Python|Deep Learning|Causal Inference|Statistics|Research|Leadership,1,0.06666666666666667,OBSERVED
required_skills,Communication|SQL|Data Visualization|Research|Agile|Git,1,0.06666666666666667,OBSERVED
required_skills,GenAI APIs|Deployment|LLMs|Diffusion Models|Python|Fine-tuning|Linux|Problem Solving,1,0.06666666666666667,OBSERVED
required_skills,Python|SQL|Business Analysis|Problem Solving,1,0.06666666666666667,OBSERVED
required_skills,Vector DBs|Embeddings|Python|Search Systems|LangChain|Research|Statistics,1,0.06666666666666667,OBSERVED
required_skills,PyTorch|LLM Integration|Python|Git,1,0.06666666666666667,OBSERVED
required_skills,Fine-tuning|Vector DBs|RAG|Python|LLM APIs|Problem Solving,1,0.06666666666666667,OBSERVED
required_skills,Transformers|BERT|Text Processing|Python|Cloud|SQL|Linux,1,0.06666666666666667,OBSERVED
required_skills,GenAI APIs|Diffusion Models|Python|LLMs|Fine-tuning|Deployment|Statistics|Problem Solving|Git,1,0.06666666666666667,OBSERVED
required_skills,ROS|Computer Vision|Simulation|Control Systems|C++|Problem Solving,1,0.06666666666666667,OBSERVED
required_skills,Python|Simulation|Computer Vision|Control Systems|ROS|C++|Leadership|Agile|Problem Solving,1,0.06666666666666667,OBSERVED
required_skills,Stakeholder Mgmt|Agile|Product Strategy|Data Analysis|SQL|Communication,1,0.06666666666666667,OBSERVED
required_skills,Prompt Engineering|RAG|Fine-tuning|LLM APIs|Python|Linux|Git|Communication,1,0.06666666666666667,OBSERVED
required_skills,Research|Publishing|Python|Communication,1,0.06666666666666667,OBSERVED
required_skills,MLOps|Kubernetes|SQL|Problem Solving|Linux|Statistics,1,0.06666666666666667,OBSERVED
required_skills,ML|Python|Causal Inference|Leadership|Git,1,0.06666666666666667,OBSERVED
required_skills,Python|Data Visualization|SQL|Business Analysis|Communication|Git|Leadership,1,0.06666666666666667,OBSERVED
required_skills,Advanced Statistics|Causal Inference|ML|Leadership|Python|Statistics|Cloud,1,0.06666666666666667,OBSERVED
required_skills,Python|Business Analysis|Communication|Cloud|Statistics|Linux,1,0.06666666666666667,OBSERVED
required_skills,Leadership|Causal Inference|Advanced Statistics|ML|Python|Communication|Cloud,1,0.06666666666666667,OBSERVED
required_skills,Publishing|Deep Learning|Python|Linux|Statistics|Leadership,1,0.06666666666666667,OBSERVED
required_skills,Business Analysis|Python|SQL|Communication|Data Visualization|Research|SQL|Agile,1,0.06666666666666667,OBSERVED
required_skills,LLMs|Fine-tuning|Python|GenAI APIs|Deployment|Statistics|Communication,1,0.06666666666666667,OBSERVED
required_skills,Tool Use|Python|Planning Systems|AutoGen|APIs|Communication|SQL,1,0.06666666666666667,OBSERVED
required_skills,ML|Deep Learning|Advanced Statistics|Python|Leadership|Causal Inference|Linux|Research|Problem Solving,1,0.06666666666666667,OBSERVED
required_skills,Distributed Systems|Storage|Networking|CUDA|Kubernetes|Cloud|Research|Git,1,0.06666666666666667,OBSERVED
required_skills,Vision-Language Models|PyTorch|Python|Fine-tuning|Cloud|Leadership,1,0.06666666666666667,OBSERVED
required_skills,Distributed Systems|Kubernetes|Storage|Linux|Communication,1,0.06666666666666667,OBSERVED
required_skills,LLMs|Transformers|BERT|Hugging Face|Git,1,0.06666666666666667,OBSERVED
required_skills,SQL|Python|Scikit-learn|Statistics|Data Visualization|Research|Cloud|Linux,1,0.06666666666666667,OBSERVED
required_skills,Python|LangChain|LLMs|Embeddings|Vector DBs|Search Systems|Leadership|Statistics|Cloud,1,0.06666666666666667,OBSERVED
required_skills,Data Visualization|Communication|Business Analysis|Python|SQL|Git|Problem Solving|Leadership,1,0.06666666666666667,OBSERVED
required_skills,Distributed Systems|Networking|Cloud|Problem Solving,1,0.06666666666666667,OBSERVED
required_skills,Python|System Design|ML|Cloud|Enterprise Architecture|Communication,1,0.06666666666666667,OBSERVED
required_skills,Ethics Frameworks|AI Policy|Research|Communication|Cloud|Statistics|Research,1,0.06666666666666667,OBSERVED
required_skills,dbt|Feature Stores|ETL|SQL|Airflow|Linux|Cloud|Git,1,0.06666666666666667,OBSERVED
required_skills,Networking|CUDA|Cloud|Communication|Research,1,0.06666666666666667,OBSERVED
required_skills,Python|Hugging Face|LLMs|Transformers|Leadership|Problem Solving,1,0.06666666666666667,OBSERVED
required_skills,LLMs|Fine-tuning|Python|Deployment|Diffusion Models|Communication|Leadership,1,0.06666666666666667,OBSERVED
required_skills,SQL|Data Visualization|Python|Statistics|ML Algorithms|Scikit-learn|Cloud|Git|Linux,1,0.06666666666666667,OBSERVED
required_skills,MLOps|PyTorch|Distributed Systems|Python|LLM Fine-tuning|System Design|Agile|Statistics|Communication,1,0.06666666666666667,OBSERVED
required_skills,Leadership|Deep Learning|Causal Inference|Git|Leadership|Problem Solving,1,0.06666666666666667,OBSERVED
required_skills,Python|Scikit-learn|Statistics|ML Algorithms|Data Visualization|SQL|Leadership,1,0.06666666666666667,OBSERVED
required_skills,Hugging Face|Python|Text Processing|Statistics|Git|Linux,1,0.06666666666666667,OBSERVED
required_skills,Communication|Python|Data Visualization|Linux,1,0.06666666666666667,OBSERVED
required_skills,OpenCV|CUDA|Image Processing|Python|PyTorch|Communication,1,0.06666666666666667,OBSERVED
required_skills,Vector DBs|Python|Embeddings|LangChain|LLMs|Search Systems|Linux|Git,1,0.06666666666666667,OBSERVED
required_skills,Data Visualization|Statistics|SQL|ML Algorithms|Python|Scikit-learn|Agile,1,0.06666666666666667,OBSERVED
required_skills,AI Policy|Research|Communication|Ethics Frameworks|Risk Assessment|Problem Solving|Leadership|Linux,1,0.06666666666666667,OBSERVED
required_skills,ROS|Computer Vision|Python|Simulation|Statistics|Git|Communication,1,0.06666666666666667,OBSERVED
required_skills,SQL|Scikit-learn|Python|Data Visualization|Problem Solving,1,0.06666666666666667,OBSERVED
required_skills,Docker|Kubernetes|CI/CD|Cloud|MLflow|Python|Cloud|SQL|Research,1,0.06666666666666667,OBSERVED
required_skills,System Design|LLM Fine-tuning|Distributed Systems|PyTorch|MLOps|Python|Cloud,1,0.06666666666666667,OBSERVED
required_skills,AI Policy|Risk Assessment|Communication|Statistics|Research|Linux,1,0.06666666666666667,OBSERVED
required_skills,PyTorch|LLM Integration|Docker|Cloud (AWS/GCP/Azure)|Python|Agile|Git|Communication,1,0.06666666666666667,OBSERVED
required_skills,LLMs|GenAI APIs|Deployment|Fine-tuning|Diffusion Models|Git,1,0.06666666666666667,OBSERVED
required_skills,Python|Vector DBs|Prompt Engineering|RAG|LLM APIs|Git|Cloud|Communication,1,0.06666666666666667,OBSERVED
required_skills,Research|Ethics Frameworks|AI Policy|Communication|Linux|Cloud,1,0.06666666666666667,OBSERVED
required_skills,NLP|Documentation|Testing|LLM APIs|Research|Problem Solving|Cloud,1,0.06666666666666667,OBSERVED
required_skills,CUDA|Networking|Kubernetes|Distributed Systems|Cloud|Storage|Leadership,1,0.06666666666666667,OBSERVED
required_skills,Neural Networks|Python|PyTorch|CUDA|Linux|Agile|Problem Solving,1,0.06666666666666667,OBSERVED
required_skills,Storage|Cloud|Distributed Systems|Networking|Agile|Research,1,0.06666666666666667,OBSERVED
required_skills,Python|Communication|SQL|Data Visualization|Business Analysis|Problem Solving|Cloud|Linux,1,0.06666666666666667,OBSERVED
required_skills,Deployment|Python|Diffusion Models|GenAI APIs|Fine-tuning|LLMs|Leadership|Problem Solving|Communication,1,0.06666666666666667,OBSERVED
required_skills,Python|Feature Stores|Spark|SQL|Git|Statistics,1,0.06666666666666667,OBSERVED
required_skills,PyTorch|OpenCV|Python|CUDA|CNNs|Image Processing|Research|Cloud,1,0.06666666666666667,OBSERVED
required_skills,Python|Text Processing|Transformers|BERT|Leadership|Linux|Statistics,1,0.06666666666666667,OBSERVED
required_skills,Deployment|Python|Fine-tuning|Diffusion Models|LLMs|GenAI APIs|Git,1,0.06666666666666667,OBSERVED
required_skills,Feature Stores|ETL|SQL|Airflow|Git,1,0.06666666666666667,OBSERVED
required_skills,Fine-tuning|APIs|PyTorch|Python|Research,1,0.06666666666666667,OBSERVED
required_skills,Cloud (AWS/GCP/Azure)|Docker|LLM Integration|Python|Agile|Leadership,1,0.06666666666666667,OBSERVED
required_skills,Kubernetes|Docker|MLflow|CI/CD|Python|Monitoring|Cloud|Communication|Research,1,0.06666666666666667,OBSERVED
required_skills,Data Visualization|Business Analysis|Python|Communication|Communication|Problem Solving|Linux,1,0.06666666666666667,OBSERVED
required_skills,System Design|Cloud|ML|Leadership|Enterprise Architecture|Python|SQL|Cloud,1,0.06666666666666667,OBSERVED
required_skills,Deep Learning|Causal Inference|Advanced Statistics|Python|ML|Research|Cloud|Leadership,1,0.06666666666666667,OBSERVED
required_skills,Communication|Research|AI Policy|Linux|Statistics,1,0.06666666666666667,OBSERVED
required_skills,Diffusion Models|Fine-tuning|Deployment|Communication,1,0.06666666666666667,OBSERVED
required_skills,CUDA|Image Processing|OpenCV|Python|Problem Solving|Research,1,0.06666666666666667,OBSERVED
required_skills,Risk Assessment|Ethics Frameworks|AI Policy|Research|Communication,1,0.06666666666666667,OBSERVED
required_skills,AI Policy|Risk Assessment|Ethics Frameworks|Communication|Cloud,1,0.06666666666666667,OBSERVED
required_skills,APIs|Tool Use|LangChain|AutoGen|Planning Systems|Python|Agile,1,0.06666666666666667,OBSERVED
required_skills,Data Visualization|Python|Scikit-learn|SQL|Statistics|ML Algorithms|Statistics,1,0.06666666666666667,OBSERVED
required_skills,Prompt Engineering|Vector DBs|Fine-tuning|LLM APIs|RAG|Agile|Problem Solving,1,0.06666666666666667,OBSERVED
required_skills,Python|Computer Vision|Control Systems|Cloud|Agile|Linux,1,0.06666666666666667,OBSERVED
required_skills,Product Strategy|Agile|Stakeholder Mgmt|Data Analysis|Communication,1,0.06666666666666667,OBSERVED
required_skills,Risk Analysis|Python|Red Teaming|ML Security|Communication,1,0.06666666666666667,OBSERVED
required_skills,Python|LLM Integration|Docker|PyTorch|Communication|Agile|Statistics,1,0.06666666666666667,OBSERVED
required_skills,PyTorch|Cloud (AWS/GCP/Azure)|LLM Integration|Docker|Linux|Research|Leadership,1,0.06666666666666667,OBSERVED
required_skills,TensorFlow|Kubernetes|MLOps|Linux|Communication|Problem Solving,1,0.06666666666666667,OBSERVED
required_skills,Distributed Systems|CUDA|Kubernetes|Cloud|Networking|Storage|Git,1,0.06666666666666667,OBSERVED
required_skills,SQL|Communication|Python|Business Analysis|Cloud|Linux,1,0.06666666666666667,OBSERVED
required_skills,GenAI APIs|Diffusion Models|Python|Fine-tuning|Problem Solving,1,0.06666666666666667,OBSERVED
required_skills,SQL|Feature Stores|ETL|Spark|Statistics|Cloud,1,0.06666666666666667,OBSERVED
required_skills,Documentation|Risk Management|Legal Knowledge|Auditing|EU AI Act|Leadership|Linux,1,0.06666666666666667,OBSERVED
required_skills,Diffusion Models|Python|LLMs|Git|SQL|Agile,1,0.06666666666666667,OBSERVED
required_skills,Data Analysis|Stakeholder Mgmt|Agile|Git|Communication,1,0.06666666666666667,OBSERVED
required_skills,Feature Stores|Python|Airflow|SQL|dbt|SQL|Agile,1,0.06666666666666667,OBSERVED
required_skills,TensorFlow|SQL|Kubernetes|Python|Research,1,0.06666666666666667,OBSERVED
required_skills,Legal Knowledge|EU AI Act|Risk Management|Leadership|Git,1,0.06666666666666667,OBSERVED
required_skills,Product Strategy|AI Literacy|Stakeholder Mgmt|Data Analysis|Agile|Linux|Statistics|Cloud,1,0.06666666666666667,OBSERVED
required_skills,Spark|Airflow|Python|dbt|SQL|Statistics,1,0.06666666666666667,OBSERVED
required_skills,Legal Knowledge|EU AI Act|Auditing|Linux,1,0.06666666666666667,OBSERVED
required_skills,Python|NLP|Testing|Git,1,0.06666666666666667,OBSERVED
required_skills,BERT|LLMs|Transformers|Text Processing|Python|Hugging Face|Linux|Leadership|Research,1,0.06666666666666667,OBSERVED
required_skills,PyTorch|Vision-Language Models|Fine-tuning|Python|Agile,1,0.06666666666666667,OBSERVED
required_skills,Tool Use|Planning Systems|Python|Linux|Communication|Cloud,1,0.06666666666666667,OBSERVED
required_skills,Risk Management|Legal Knowledge|Documentation|Auditing|EU AI Act|Problem Solving,1,0.06666666666666667,OBSERVED
required_skills,CUDA|Storage|Networking|Kubernetes|Distributed Systems|Research|Cloud|Linux,1,0.06666666666666667,OBSERVED
required_skills,OpenCV|Image Processing|CUDA|CNNs|PyTorch|Statistics,1,0.06666666666666667,OBSERVED
required_skills,Deep Learning|Leadership|Advanced Statistics|Python|ML|Causal Inference|Problem Solving,1,0.06666666666666667,OBSERVED
required_skills,CUDA|Cloud|Distributed Systems|Cloud|SQL|Git,1,0.06666666666666667,OBSERVED
required_skills,Red Teaming|Cybersecurity|ML Security|Python|Risk Analysis|Git|Linux,1,0.06666666666666667,OBSERVED
required_skills,ROS|Control Systems|Simulation|Computer Vision|Statistics,1,0.06666666666666667,OBSERVED
required_skills,Python|Computer Vision|Simulation|C++|SQL|Linux|Git,1,0.06666666666666667,OBSERVED
required_skills,Python|Transformers|BERT|Problem Solving|Cloud,1,0.06666666666666667,OBSERVED
required_skills,Neural Networks|TensorFlow|Python|CUDA|PyTorch|Problem Solving|Agile|Leadership,1,0.06666666666666667,OBSERVED
required_skills,LLM APIs|RAG|Prompt Engineering|Python|Fine-tuning|Git|Research|SQL,1,0.06666666666666667,OBSERVED
required_skills,PyTorch|Distributed Systems|LLM Fine-tuning|System Design|Python|MLOps|Statistics|SQL,1,0.06666666666666667,OBSERVED
required_skills,ML Security|Risk Analysis|Red Teaming|Python|Leadership,1,0.06666666666666667,OBSERVED
required_skills,PyTorch|Mathematics|Python|Git,1,0.06666666666666667,OBSERVED
required_skills,Research|Mathematics|Python|Publishing|SQL|Cloud|Linux,1,0.06666666666666667,OBSERVED
required_skills,CUDA|Image Processing|Python|CNNs|Linux|SQL,1,0.06666666666666667,OBSERVED
required_skills,Risk Analysis|Red Teaming|Cybersecurity|ML Security|SQL,1,0.06666666666666667,OBSERVED
required_skills,C++|Simulation|Control Systems|Computer Vision|Research|Problem Solving|Git,1,0.06666666666666667,OBSERVED
required_skills,Communication|AI Policy|Research|Git,1,0.06666666666666667,OBSERVED
required_skills,LLMs|LangChain|Vector DBs|Leadership|Linux,1,0.06666666666666667,OBSERVED
required_skills,TensorFlow|Python|CUDA|Neural Networks|Agile,1,0.06666666666666667,OBSERVED
required_skills,PyTorch|Distributed Systems|Python|System Design|Agile|Cloud,1,0.06666666666666667,OBSERVED
required_skills,Python|Causal Inference|ML|Leadership|Research,1,0.06666666666666667,OBSERVED
required_skills,Deployment|Fine-tuning|GenAI APIs|LLMs|Diffusion Models|Communication|Problem Solving|SQL,1,0.06666666666666667,OBSERVED
required_skills,PyTorch|MLOps|SQL|Python|Leadership|Problem Solving|Statistics,1,0.06666666666666667,OBSERVED
required_skills,SQL|Statistics|ML Algorithms|Scikit-learn|Python|Git,1,0.06666666666666667,OBSERVED
required_skills,Testing|Python|NLP|Prompt Design|Git,1,0.06666666666666667,OBSERVED
required_skills,CUDA|Cloud|Networking|Distributed Systems|SQL,1,0.06666666666666667,OBSERVED
required_skills,Prompt Engineering|Fine-tuning|LLM APIs|Research,1,0.06666666666666667,OBSERVED
required_skills,Distributed Systems|CUDA|Storage|Kubernetes|Networking|Cloud|Agile,1,0.06666666666666667,OBSERVED
required_skills,SQL|ML Algorithms|Statistics|Data Visualization|Scikit-learn|Cloud|Git,1,0.06666666666666667,OBSERVED
required_skills,Python|AutoGen|Tool Use|Research,1,0.06666666666666667,OBSERVED
required_skills,Diffusion Models|Python|Deployment|GenAI APIs|LLMs|Linux,1,0.06666666666666667,OBSERVED
required_skills,Legal Knowledge|Risk Management|EU AI Act|Statistics,1,0.06666666666666667,OBSERVED
required_skills,Search Systems|Embeddings|Python|Vector DBs|LLMs|Cloud,1,0.06666666666666667,OBSERVED
required_skills,Python|Business Analysis|Communication|SQL|Leadership,1,0.06666666666666667,OBSERVED
required_skills,CNNs|Image Processing|OpenCV|Leadership|Agile|Git,1,0.06666666666666667,OBSERVED
required_skills,Vision-Language Models|PyTorch|Python|Agile|Problem Solving|Cloud,1,0.06666666666666667,OBSERVED
required_skills,Data Visualization|Communication|SQL|Leadership,1,0.06666666666666667,OBSERVED
required_skills,Distributed Systems|Python|LLM Fine-tuning|MLOps|System Design|Statistics,1,0.06666666666666667,OBSERVED
required_skills,LLM Integration|Docker|Python|PyTorch|Git|Communication|Research,1,0.06666666666666667,OBSERVED
required_skills,Neural Networks|Python|TensorFlow|PyTorch|GPU Computing|Git,1,0.06666666666666667,OBSERVED
required_skills,AI Policy|Research|Ethics Frameworks|Communication|Cloud|Research|Git,1,0.06666666666666667,OBSERVED
required_skills,Leadership|Python|Advanced Statistics|Git,1,0.06666666666666667,OBSERVED
required_skills,Python|Feature Stores|dbt|Spark|Statistics|SQL,1,0.06666666666666667,OBSERVED
required_skills,AI Literacy|Product Strategy|Stakeholder Mgmt|Leadership,1,0.06666666666666667,OBSERVED
required_skills,Neural Networks|GPU Computing|PyTorch|Python|Communication|Cloud,1,0.06666666666666667,OBSERVED
required_skills,Computer Vision|ROS|C++|Agile,1,0.06666666666666667,OBSERVED
required_skills,Vision-Language Models|Python|PyTorch|Cloud,1,0.06666666666666667,OBSERVED
required_skills,AI Literacy|Data Analysis|Agile|Stakeholder Mgmt|Product Strategy|Communication|Research|Leadership,1,0.06666666666666667,OBSERVED
required_skills,Fine-tuning|Deployment|GenAI APIs|Diffusion Models|Research,1,0.06666666666666667,OBSERVED
required_skills,Risk Assessment|Communication|Research|Leadership,1,0.06666666666666667,OBSERVED
required_skills,PyTorch|CUDA|OpenCV|Image Processing|Problem Solving|Leadership|Linux,1,0.06666666666666667,OBSERVED
required_skills,Diffusion Models|Deployment|LLMs|Python|GenAI APIs|Fine-tuning|Agile,1,0.06666666666666667,OBSERVED
required_skills,AI Policy|Research|Ethics Frameworks|Communication,1,0.06666666666666667,OBSERVED
required_skills,C++|ROS|Computer Vision|Agile,1,0.06666666666666667,OBSERVED
required_skills,Distributed Systems|Python|MLOps|LLM Fine-tuning|Statistics|Git,1,0.06666666666666667,OBSERVED
required_skills,Documentation|Risk Management|EU AI Act|Auditing|Legal Knowledge|SQL|Linux|Communication,1,0.06666666666666667,OBSERVED
required_skills,Scikit-learn|ML Algorithms|Python|Data Visualization|SQL|Leadership,1,0.06666666666666667,OBSERVED
required_skills,NLP|LLM APIs|Testing|Documentation|Python|Problem Solving,1,0.06666666666666667,OBSERVED
required_skills,CUDA|PyTorch|Python|Leadership,1,0.06666666666666667,OBSERVED
required_skills,Risk Analysis|Cybersecurity|Red Teaming|Python|ML Security|Leadership|Git|Agile,1,0.06666666666666667,OBSERVED
required_skills,Leadership|Causal Inference|ML|Agile,1,0.06666666666666667,OBSERVED
required_skills,PyTorch|Python|LLM Integration|Statistics|SQL|Leadership,1,0.06666666666666667,OBSERVED
required_skills,Monitoring|MLflow|Cloud|CI/CD|Kubernetes|Docker|Python|Linux,1,0.06666666666666667,OBSERVED
required_skills,Causal Inference|Python|Leadership|ML|Deep Learning|Leadership|Linux|Git,1,0.06666666666666667,OBSERVED
required_skills,dbt|Feature Stores|Python|Research|SQL|Cloud,1,0.06666666666666667,OBSERVED
required_skills,EU AI Act|Legal Knowledge|Risk Management|Git|Leadership|SQL,1,0.06666666666666667,OBSERVED
required_skills,BERT|Transformers|Hugging Face|Text Processing|Python|LLMs|Cloud|Agile|Linux,1,0.06666666666666667,OBSERVED
required_skills,NLP|Prompt Design|Documentation|Cloud|Linux,1,0.06666666666666667,OBSERVED
required_skills,Deployment|Python|Diffusion Models|Agile|Cloud,1,0.06666666666666667,OBSERVED
required_skills,Documentation|Risk Management|Legal Knowledge|EU AI Act|Statistics|SQL|Agile,1,0.06666666666666667,OBSERVED
required_skills,Python|CUDA|GPU Computing|TensorFlow|Research|Leadership|Problem Solving,1,0.06666666666666667,OBSERVED
required_skills,Python|Tool Use|APIs|AutoGen|Git,1,0.06666666666666667,OBSERVED
required_skills,Python|Simulation|Computer Vision|ROS|Control Systems|Statistics,1,0.06666666666666667,OBSERVED
required_skills,Python|Planning Systems|LangChain|Tool Use|AutoGen|APIs|SQL,1,0.06666666666666667,OBSERVED
required_skills,Python|Data Visualization|Statistics|Scikit-learn|ML Algorithms|Linux,1,0.06666666666666667,OBSERVED
required_skills,Python|Leadership|Causal Inference|Statistics,1,0.06666666666666667,OBSERVED
required_skills,APIs|Fine-tuning|Python|PyTorch|Statistics|Research|Linux,1,0.06666666666666667,OBSERVED
required_skills,Auditing|Risk Management|Legal Knowledge|EU AI Act|Documentation|Research|Cloud|Linux,1,0.06666666666666667,OBSERVED
required_skills,Cloud|Monitoring|MLflow|Kubernetes|CI/CD|Python|Communication,1,0.06666666666666667,OBSERVED
required_skills,Cloud (AWS/GCP/Azure)|LLM Integration|Python|PyTorch|Problem Solving|Linux,1,0.06666666666666667,OBSERVED
required_skills,Prompt Engineering|Fine-tuning|RAG|Vector DBs|Communication|Linux|Statistics,1,0.06666666666666667,OBSERVED
required_skills,Deep Learning|Mathematics|Python|PyTorch|Publishing|Research|Cloud,1,0.06666666666666667,OBSERVED
required_skills,CUDA|PyTorch|GPU Computing|TensorFlow|Python|SQL|Statistics,1,0.06666666666666667,OBSERVED
required_skills,LLM Integration|PyTorch|Cloud (AWS/GCP/Azure)|Docker|Python|Cloud|Problem Solving|Statistics,1,0.06666666666666667,OBSERVED
required_skills,PyTorch|Vision-Language Models|APIs|Leadership|Linux,1,0.06666666666666667,OBSERVED
required_skills,AutoGen|Planning Systems|APIs|LangChain|Tool Use|Python|Problem Solving|Git|Research,1,0.06666666666666667,OBSERVED
required_skills,APIs|Fine-tuning|Python|Statistics|Git,1,0.06666666666666667,OBSERVED
required_skills,NLP|Documentation|Testing|Agile|Cloud|Linux,1,0.06666666666666667,OBSERVED
required_skills,Leadership|ML|Deep Learning|Python|Causal Inference|Advanced Statistics|SQL|Cloud,1,0.06666666666666667,OBSERVED
required_skills,ML|Deep Learning|Python|SQL|Communication,1,0.06666666666666667,OBSERVED
required_skills,Python|Transformers|Hugging Face|LLMs|Text Processing|BERT|Agile|SQL,1,0.06666666666666667,OBSERVED
required_skills,PyTorch|TensorFlow|Python|SQL|Kubernetes|MLOps|Research,1,0.06666666666666667,OBSERVED
required_skills,LangChain|Planning Systems|AutoGen|Tool Use|APIs|Python|Cloud,1,0.06666666666666667,OBSERVED
required_skills,Product Strategy|Agile|Stakeholder Mgmt|AI Literacy|Data Analysis|Git|Research|Leadership,1,0.06666666666666667,OBSERVED
required_skills,LLM Integration|Docker|Cloud (AWS/GCP/Azure)|Statistics|Linux,1,0.06666666666666667,OBSERVED
required_skills,Python|Data Visualization|Statistics|Scikit-learn|Cloud|Research|SQL,1,0.06666666666666667,OBSERVED
required_skills,Simulation|Control Systems|Computer Vision|C++|Agile|Leadership|Problem Solving,1,0.06666666666666667,OBSERVED
required_skills,Distributed Systems|MLOps|Python|Linux|Communication,1,0.06666666666666667,OBSERVED
required_skills,Embeddings|Search Systems|LangChain|Vector DBs|Python|LLMs|Research|Linux|Leadership,1,0.06666666666666667,OBSERVED
required_skills,PyTorch|Python|Fine-tuning|SQL|Statistics,1,0.06666666666666667,OBSERVED
required_skills,PyTorch|Mathematics|Deep Learning|Publishing|Research|Linux,1,0.06666666666666667,OBSERVED
required_skills,C++|Computer Vision|Python|Git|Statistics,1,0.06666666666666667,OBSERVED
required_skills,Fine-tuning|Prompt Engineering|Vector DBs|Python|Leadership,1,0.06666666666666667,OBSERVED
required_skills,Fine-tuning|Python|LLMs|Diffusion Models|GenAI APIs|Deployment|Agile|Cloud|Linux,1,0.06666666666666667,OBSERVED
required_skills,SQL|Spark|dbt|Airflow|Python|ETL|Feature Stores|Git|Linux,1,0.06666666666666667,OBSERVED
required_skills,AI Policy|Ethics Frameworks|Research|Git|Agile|Problem Solving,1,0.06666666666666667,OBSERVED
required_skills,Python|Docker|LLM Integration|Linux,1,0.06666666666666667,OBSERVED
required_skills,LangChain|AutoGen|Tool Use|Python|APIs|Planning Systems|Problem Solving,1,0.06666666666666667,OBSERVED
required_skills,Stakeholder Mgmt|AI Literacy|Data Analysis|Product Strategy|Agile|Git|Problem Solving|Cloud,1,0.06666666666666667,OBSERVED
required_skills,ETL|SQL|Feature Stores|Communication,1,0.06666666666666667,OBSERVED
required_skills,Deep Learning|Mathematics|Publishing|Python|PyTorch|Research|Research|Problem Solving,1,0.06666666666666667,OBSERVED
required_skills,GenAI APIs|LLMs|Python|Fine-tuning|Communication,1,0.06666666666666667,OBSERVED
required_skills,Vector DBs|LLMs|LangChain|Statistics|Problem Solving|Communication,1,0.06666666666666667,OBSERVED
required_skills,Feature Stores|SQL|Airflow|Spark|dbt|Python|ETL|Linux|Git,1,0.06666666666666667,OBSERVED
required_skills,Feature Stores|Airflow|Spark|Python|dbt|ETL|SQL|Statistics|Communication,1,0.06666666666666667,OBSERVED
required_skills,Agile|AI Literacy|Product Strategy|Cloud|Statistics|Git,1,0.06666666666666667,OBSERVED
required_skills,Distributed Systems|Cloud|Networking|CUDA|Kubernetes|Research|Communication|Linux,1,0.06666666666666667,OBSERVED
required_skills,Python|Vector DBs|Search Systems|Embeddings|LangChain|LLMs|Statistics,1,0.06666666666666667,OBSERVED
required_skills,Ethics Frameworks|Communication|Research|SQL|Leadership|Communication,1,0.06666666666666667,OBSERVED
required_skills,Cloud|Enterprise Architecture|Python|System Design|ML|SQL,1,0.06666666666666667,OBSERVED
required_skills,Python|Causal Inference|Advanced Statistics|Leadership|Deep Learning|Git|Agile,1,0.06666666666666667,OBSERVED
required_skills,GPU Computing|Neural Networks|CUDA|Communication,1,0.06666666666666667,OBSERVED
required_skills,Diffusion Models|Deployment|GenAI APIs|Python|Fine-tuning|LLMs|Git,1,0.06666666666666667,OBSERVED
required_skills,Causal Inference|Deep Learning|Advanced Statistics|Cloud|Statistics,1,0.06666666666666667,OBSERVED
required_skills,ML Algorithms|Data Visualization|Statistics|Scikit-learn|Python|SQL|Linux,1,0.06666666666666667,OBSERVED
required_skills,Embeddings|Vector DBs|Python|Git,1,0.06666666666666667,OBSERVED
required_skills,Python|Diffusion Models|LLMs|Fine-tuning|GenAI APIs|Linux|Statistics|Cloud,1,0.06666666666666667,OBSERVED
required_skills,Cybersecurity|Red Teaming|ML Security|Git,1,0.06666666666666667,OBSERVED
required_skills,Networking|Storage|Kubernetes|Problem Solving,1,0.06666666666666667,OBSERVED
required_skills,Testing|Python|LLM APIs|Prompt Design|NLP|Documentation|SQL|Leadership,1,0.06666666666666667,OBSERVED
required_skills,BERT|LLMs|Text Processing|Hugging Face|Cloud,1,0.06666666666666667,OBSERVED
required_skills,Simulation|C++|Python|Control Systems|Git|Problem Solving,1,0.06666666666666667,OBSERVED
required_skills,Agile|Stakeholder Mgmt|Product Strategy|AI Literacy|Linux|Leadership|SQL,1,0.06666666666666667,OBSERVED
required_skills,Prompt Engineering|RAG|Python|Git|Research|SQL,1,0.06666666666666667,OBSERVED
required_skills,Mathematics|Publishing|Research|PyTorch|Python|Deep Learning|Agile|Leadership|Git,1,0.06666666666666667,OBSERVED
required_skills,Leadership|Deep Learning|Causal Inference|Advanced Statistics|Python|Leadership|Agile|Linux,1,0.06666666666666667,OBSERVED
required_skills,Text Processing|BERT|Transformers|LLMs|Python|Hugging Face|Communication|Cloud,1,0.06666666666666667,OBSERVED
required_skills,Python|Research|PyTorch|Publishing|Deep Learning|Problem Solving|Communication|Git,1,0.06666666666666667,OBSERVED
required_skills,Python|Prompt Engineering|RAG|Vector DBs|Fine-tuning|Statistics|Communication,1,0.06666666666666667,OBSERVED
required_skills,C++|Simulation|Computer Vision|ROS|SQL,1,0.06666666666666667,OBSERVED
required_skills,Scikit-learn|ML Algorithms|Statistics|Data Visualization|Agile|Communication|Cloud,1,0.06666666666666667,OBSERVED
required_skills,MLflow|Kubernetes|Monitoring|Leadership|Statistics,1,0.06666666666666667,OBSERVED
required_skills,ETL|Python|Spark|Linux|Statistics|Problem Solving,1,0.06666666666666667,OBSERVED
required_skills,Planning Systems|Python|APIs|AutoGen|LangChain|Statistics|Git|Agile,1,0.06666666666666667,OBSERVED
required_skills,Python|System Design|MLOps|Distributed Systems|SQL,1,0.06666666666666667,OBSERVED
required_skills,NLP|Prompt Design|Documentation|LLM APIs|Git,1,0.06666666666666667,OBSERVED
required_skills,Auditing|Documentation|EU AI Act|SQL,1,0.06666666666666667,OBSERVED
required_skills,Kubernetes|TensorFlow|SQL|MLOps|Python|PyTorch|Agile,1,0.06666666666666667,OBSERVED
required_skills,Ethics Frameworks|Research|Risk Assessment|Leadership|Agile|Research,1,0.06666666666666667,OBSERVED
required_skills,Monitoring|Python|MLflow|Leadership|Cloud|Research,1,0.06666666666666667,OBSERVED
required_skills,Red Teaming|Cybersecurity|Python|Risk Analysis|Problem Solving,1,0.06666666666666667,OBSERVED
required_skills,Tool Use|LangChain|AutoGen|Planning Systems|APIs|Cloud|SQL|Problem Solving,1,0.06666666666666667,OBSERVED
required_skills,Scikit-learn|Python|ML Algorithms|Linux|Agile,1,0.06666666666666667,OBSERVED
required_skills,PyTorch|CUDA|CNNs|Problem Solving|Linux,1,0.06666666666666667,OBSERVED
required_skills,Deep Learning|Advanced Statistics|ML|Python|Causal Inference|Problem Solving,1,0.06666666666666667,OBSERVED
required_skills,Cloud|Python|ML|System Design|Enterprise Architecture|Leadership|Research|Communication|Problem Solving,1,0.06666666666666667,OBSERVED
required_skills,Data Visualization|Python|SQL|Business Analysis|Cloud,1,0.06666666666666667,OBSERVED
required_skills,Python|ML|Leadership|Communication,1,0.06666666666666667,OBSERVED
required_skills,Search Systems|Vector DBs|Python|Embeddings|LangChain|Linux,1,0.06666666666666667,OBSERVED
required_skills,CUDA|Image Processing|PyTorch|CNNs|Python|OpenCV|Problem Solving|Communication,1,0.06666666666666667,OBSERVED
required_skills,Feature Stores|Airflow|ETL|Cloud|Statistics,1,0.06666666666666667,OBSERVED
required_skills,Documentation|Python|Prompt Design|NLP|Testing|LLM APIs|SQL|Cloud|Git,1,0.06666666666666667,OBSERVED
required_skills,Python|Vision-Language Models|APIs|Fine-tuning|Research|Cloud,1,0.06666666666666667,OBSERVED
required_skills,Python|CUDA|OpenCV|Leadership|Statistics,1,0.06666666666666667,OBSERVED
required_skills,Tool Use|AutoGen|LangChain|APIs|Git,1,0.06666666666666667,OBSERVED
required_skills,Python|Image Processing|OpenCV|CUDA|PyTorch|CNNs|Linux,1,0.06666666666666667,OBSERVED
required_skills,Simulation|Control Systems|ROS|Research,1,0.06666666666666667,OBSERVED
required_skills,PyTorch|Neural Networks|GPU Computing|Research|Linux,1,0.06666666666666667,OBSERVED
required_skills,APIs|LangChain|Planning Systems|Tool Use|AutoGen|Git,1,0.06666666666666667,OBSERVED
required_skills,Text Processing|Hugging Face|BERT|Transformers|LLMs|Leadership|Cloud,1,0.06666666666666667,OBSERVED
required_skills,Data Visualization|Communication|Business Analysis|Python|Problem Solving|Git,1,0.06666666666666667,OBSERVED
required_skills,Deep Learning|Python|Mathematics|Publishing|PyTorch|Linux|Statistics,1,0.06666666666666667,OBSERVED
required_skills,Storage|Cloud|Distributed Systems|Kubernetes|Communication|Leadership|Problem Solving,1,0.06666666666666667,OBSERVED
required_skills,Tool Use|Python|AutoGen|LangChain|Planning Systems|APIs|Linux|Statistics,1,0.06666666666666667,OBSERVED
required_skills,ML|System Design|Leadership|Git|Cloud,1,0.06666666666666667,OBSERVED
required_skills,LLMs|Search Systems|Python|Communication,1,0.06666666666666667,OBSERVED
required_skills,Python|Publishing|Mathematics|PyTorch|Deep Learning|Statistics|Cloud,1,0.06666666666666667,OBSERVED
required_skills,Legal Knowledge|Auditing|Risk Management|Documentation|EU AI Act|Git,1,0.06666666666666667,OBSERVED
required_skills,RAG|Vector DBs|Python|Agile,1,0.06666666666666667,OBSERVED
required_skills,C++|ROS|Control Systems|Computer Vision|SQL|Cloud|Communication,1,0.06666666666666667,OBSERVED
required_skills,SQL|ML Algorithms|Python|Data Visualization|Scikit-learn|Statistics|Communication|Linux,1,0.06666666666666667,OBSERVED
required_skills,Prompt Engineering|Vector DBs|RAG|Fine-tuning|LLM APIs|SQL,1,0.06666666666666667,OBSERVED
required_skills,MLOps|Python|PyTorch|System Design|Distributed Systems|LLM Fine-tuning|Linux,1,0.06666666666666667,OBSERVED
required_skills,Kubernetes|Networking|CUDA|Linux|SQL,1,0.06666666666666667,OBSERVED
required_skills,Legal Knowledge|EU AI Act|Auditing|Problem Solving,1,0.06666666666666667,OBSERVED
required_skills,ML Algorithms|Scikit-learn|SQL|Statistics|Data Visualization|Statistics,1,0.06666666666666667,OBSERVED
required_skills,Python|Airflow|SQL|Spark|ETL|Statistics|Communication|Cloud,1,0.06666666666666667,OBSERVED
required_skills,APIs|Fine-tuning|Vision-Language Models|PyTorch|SQL,1,0.06666666666666667,OBSERVED
required_skills,Docker|MLflow|Monitoring|Kubernetes|CI/CD|Cloud|Python|Agile,1,0.06666666666666667,OBSERVED
required_skills,Python|GenAI APIs|LLMs|Fine-tuning|Diffusion Models|Deployment|Linux|Leadership|Research,1,0.06666666666666667,OBSERVED
required_skills,LangChain|Planning Systems|Tool Use|AutoGen|APIs|Linux|Communication|Agile,1,0.06666666666666667,OBSERVED
required_skills,Control Systems|C++|Computer Vision|Python|Simulation|Cloud|Problem Solving,1,0.06666666666666667,OBSERVED
required_skills,Python|CI/CD|Kubernetes|Monitoring|Docker|Research,1,0.06666666666666667,OBSERVED
required_skills,LangChain|Vector DBs|Search Systems|Research|Linux|Communication,1,0.06666666666666667,OBSERVED
required_skills,PyTorch|Fine-tuning|APIs|SQL|Agile|Linux,1,0.06666666666666667,OBSERVED
required_skills,Python|Simulation|Control Systems|Leadership,1,0.06666666666666667,OBSERVED
required_skills,Communication|Research|AI Policy|Ethics Frameworks|Research|Git,1,0.06666666666666667,OBSERVED
required_skills,Kubernetes|SQL|PyTorch|MLOps|TensorFlow|Git|Linux|Leadership,1,0.06666666666666667,OBSERVED
required_skills,MLflow|Monitoring|Cloud|Docker|Statistics,1,0.06666666666666667,OBSERVED
required_skills,Kubernetes|TensorFlow|SQL|PyTorch|Python|MLOps|Problem Solving|Linux,1,0.06666666666666667,OBSERVED
required_skills,C++|Python|ROS|Simulation|Control Systems|Computer Vision|Agile|Linux,1,0.06666666666666667,OBSERVED
required_skills,Docker|PyTorch|LLM Integration|Python|Cloud (AWS/GCP/Azure)|SQL|Statistics|Cloud,1,0.06666666666666667,OBSERVED
required_skills,Ethics Frameworks|Risk Assessment|AI Policy|Leadership|Agile|Communication,1,0.06666666666666667,OBSERVED
required_skills,CI/CD|MLflow|Python|Monitoring|Docker|Agile|SQL,1,0.06666666666666667,OBSERVED
required_skills,Fine-tuning|Python|Diffusion Models|Problem Solving|Git|Research,1,0.06666666666666667,OBSERVED
required_skills,Prompt Engineering|Vector DBs|Fine-tuning|Python|Leadership,1,0.06666666666666667,OBSERVED
required_skills,Python|dbt|ETL|Spark|Leadership|SQL,1,0.06666666666666667,OBSERVED
required_skills,SQL|Python|Kubernetes|MLOps|PyTorch|TensorFlow|Statistics|Communication,1,0.06666666666666667,OBSERVED
required_skills,Neural Networks|CUDA|GPU Computing|Python|PyTorch|TensorFlow|Cloud|Git,1,0.06666666666666667,OBSERVED
required_skills,Agile|Data Analysis|Stakeholder Mgmt|Product Strategy|AI Literacy|Research|Git,1,0.06666666666666667,OBSERVED
required_skills,Cloud|Docker|MLflow|Kubernetes|Python|Problem Solving|Cloud,1,0.06666666666666667,OBSERVED
required_skills,PyTorch|Vision-Language Models|APIs|Fine-tuning|Python|SQL,1,0.06666666666666667,OBSERVED
required_skills,Communication|SQL|Data Visualization|Python|Business Analysis|Linux|Research,1,0.06666666666666667,OBSERVED
required_skills,Python|ML Algorithms|SQL|Scikit-learn|Statistics|SQL|Cloud,1,0.06666666666666667,OBSERVED
required_skills,SQL|TensorFlow|Kubernetes|Statistics,1,0.06666666666666667,OBSERVED
required_skills,Distributed Systems|MLOps|System Design|SQL,1,0.06666666666666667,OBSERVED
required_skills,Python|Search Systems|Vector DBs|Leadership|Problem Solving,1,0.06666666666666667,OBSERVED
required_skills,Prompt Engineering|Python|Vector DBs|Fine-tuning|LLM APIs|RAG|Agile|Communication,1,0.06666666666666667,OBSERVED
required_skills,Data Analysis|Product Strategy|AI Literacy|Stakeholder Mgmt|Agile|Cloud|Communication,1,0.06666666666666667,OBSERVED
required_skills,Data Visualization|Communication|Business Analysis|Problem Solving,1,0.06666666666666667,OBSERVED
required_skills,Prompt Design|LLM APIs|Documentation|NLP|Testing|Python|Linux|Cloud,1,0.06666666666666667,OBSERVED
required_skills,C++|Control Systems|Python|SQL|Communication,1,0.06666666666666667,OBSERVED
required_skills,Python|Mathematics|Deep Learning|PyTorch|Research|Statistics|Linux,1,0.06666666666666667,OBSERVED
required_skills,Python|Business Analysis|Data Visualization|Communication|Linux|Agile,1,0.06666666666666667,OBSERVED
required_skills,Statistics|Data Visualization|Python|Scikit-learn|SQL|SQL,1,0.06666666666666667,OBSERVED
required_skills,CUDA|Cloud|Networking|Storage|Communication|Git|Statistics,1,0.06666666666666667,OBSERVED
required_skills,Kubernetes|Storage|Cloud|CUDA|Distributed Systems|Linux,1,0.06666666666666667,OBSERVED
required_skills,Python|Diffusion Models|Deployment|GenAI APIs|Problem Solving|Communication|Linux,1,0.06666666666666667,OBSERVED
required_skills,Red Teaming|Python|Risk Analysis|ML Security|Cybersecurity|Communication,1,0.06666666666666667,OBSERVED
required_skills,PyTorch|APIs|Fine-tuning|Research,1,0.06666666666666667,OBSERVED
required_skills,MLOps|TensorFlow|Python|PyTorch|Kubernetes|SQL|SQL|Agile,1,0.06666666666666667,OBSERVED
required_skills,GenAI APIs|Python|Fine-tuning|Diffusion Models|Deployment|Git|Linux,1,0.06666666666666667,OBSERVED
required_skills,Product Strategy|Agile|AI Literacy|Data Analysis|Stakeholder Mgmt|Agile|SQL,1,0.06666666666666667,OBSERVED
required_skills,Python|APIs|LangChain|Planning Systems|Tool Use|AutoGen|Agile|Statistics|Cloud,1,0.06666666666666667,OBSERVED
required_skills,Ethics Frameworks|Communication|Risk Assessment|AI Policy|Research|Research,1,0.06666666666666667,OBSERVED
required_skills,Fine-tuning|LLM APIs|Python|RAG|Vector DBs|Research,1,0.06666666666666667,OBSERVED
required_skills,EU AI Act|Documentation|Legal Knowledge|Problem Solving|Cloud|SQL,1,0.06666666666666667,OBSERVED
required_skills,LLMs|Python|Text Processing|SQL,1,0.06666666666666667,OBSERVED
required_skills,Communication|AI Policy|Risk Assessment|Research|Agile|Problem Solving,1,0.06666666666666667,OBSERVED
required_skills,PyTorch|GPU Computing|Neural Networks|Python|Cloud|Linux,1,0.06666666666666667,OBSERVED
required_skills,System Design|MLOps|Python|PyTorch|LLM Fine-tuning|Distributed Systems|Statistics,1,0.06666666666666667,OBSERVED
required_skills,PyTorch|OpenCV|CUDA|CNNs|Linux,1,0.06666666666666667,OBSERVED
required_skills,Python|LLMs|GenAI APIs|Deployment|Research,1,0.06666666666666667,OBSERVED
required_skills,Causal Inference|ML|Deep Learning|Leadership|SQL,1,0.06666666666666667,OBSERVED
required_skills,APIs|PyTorch|Fine-tuning|Vision-Language Models|Problem Solving,1,0.06666666666666667,OBSERVED
required_skills,TensorFlow|CUDA|Python|Agile|SQL|Problem Solving,1,0.06666666666666667,OBSERVED
required_skills,Docker|Python|PyTorch|LLM Integration|Cloud (AWS/GCP/Azure)|Linux|Problem Solving|Leadership,1,0.06666666666666667,OBSERVED
required_skills,Fine-tuning|LLM APIs|Python|RAG|Prompt Engineering|Problem Solving|Git|Leadership,1,0.06666666666666667,OBSERVED
required_skills,PyTorch|Image Processing|CUDA|Python|OpenCV|Problem Solving|Git,1,0.06666666666666667,OBSERVED
required_skills,Data Analysis|Product Strategy|Agile|Problem Solving,1,0.06666666666666667,OBSERVED
required_skills,CNNs|PyTorch|Image Processing|Leadership|Research,1,0.06666666666666667,OBSERVED
required_skills,GPU Computing|PyTorch|TensorFlow|Research,1,0.06666666666666667,OBSERVED
required_skills,Product Strategy|Stakeholder Mgmt|Data Analysis|Agile|AI Literacy|Statistics|Problem Solving,1,0.06666666666666667,OBSERVED
required_skills,Enterprise Architecture|ML|Leadership|Cloud|Python|SQL|Communication,1,0.06666666666666667,OBSERVED
required_skills,Python|Cybersecurity|Red Teaming|ML Security|Risk Analysis|Research|Cloud,1,0.06666666666666667,OBSERVED
required_skills,Simulation|ROS|C++|SQL|Research|Git,1,0.06666666666666667,OBSERVED
required_skills,BERT|Text Processing|LLMs|Hugging Face|Transformers|Python|Research|SQL,1,0.06666666666666667,OBSERVED
required_skills,ETL|Python|SQL|dbt|Communication|SQL|Cloud,1,0.06666666666666667,OBSERVED
required_skills,Python|PyTorch|CUDA|Image Processing|OpenCV|CNNs|Statistics,1,0.06666666666666667,OBSERVED
required_skills,Testing|Python|NLP|Documentation|LLM APIs|Prompt Design|Linux,1,0.06666666666666667,OBSERVED
required_skills,SQL|Data Visualization|Python|SQL|Statistics,1,0.06666666666666667,OBSERVED
required_skills,Python|SQL|ETL|Airflow|dbt|Feature Stores|Spark|Git|Linux|Leadership,1,0.06666666666666667,OBSERVED
required_skills,LLM APIs|Fine-tuning|Vector DBs|Python|Prompt Engineering|Research|Linux|Communication,1,0.06666666666666667,OBSERVED
required_skills,Documentation|Prompt Design|Python|NLP|Communication|Cloud,1,0.06666666666666667,OBSERVED
required_skills,Ethics Frameworks|Research|AI Policy|Statistics,1,0.06666666666666667,OBSERVED
required_skills,Business Analysis|Communication|Python|Research|Linux,1,0.06666666666666667,OBSERVED
required_skills,SQL|Kubernetes|TensorFlow|PyTorch|Statistics|Research,1,0.06666666666666667,OBSERVED
required_skills,Auditing|EU AI Act|Legal Knowledge|Risk Management|Communication,1,0.06666666666666667,OBSERVED
required_skills,C++|ROS|Simulation|Computer Vision|Python|Cloud,1,0.06666666666666667,OBSERVED
required_skills,CI/CD|MLflow|Cloud|Cloud|Communication,1,0.06666666666666667,OBSERVED
required_skills,Deployment|Python|Fine-tuning|LLMs|GenAI APIs|Diffusion Models|Research,1,0.06666666666666667,OBSERVED
required_skills,CI/CD|Kubernetes|Monitoring|Cloud|Docker|Python|MLflow|Communication,1,0.06666666666666667,OBSERVED
required_skills,Research|AI Policy|Risk Assessment|SQL|Agile,1,0.06666666666666667,OBSERVED
required_skills,TensorFlow|GPU Computing|Python|Problem Solving|Research|SQL,1,0.06666666666666667,OBSERVED
required_skills,Ethics Frameworks|Research|Communication|AI Policy|Linux,1,0.06666666666666667,OBSERVED
required_skills,PyTorch|Mathematics|Research|Publishing|Communication|SQL,1,0.06666666666666667,OBSERVED
required_skills,Prompt Engineering|Fine-tuning|RAG|LLM APIs|Python|Research|Linux|Problem Solving,1,0.06666666666666667,OBSERVED
required_skills,LangChain|Search Systems|Vector DBs|Communication|Statistics|SQL,1,0.06666666666666667,OBSERVED
required_skills,Simulation|Python|Control Systems|ROS|Computer Vision|SQL,1,0.06666666666666667,OBSERVED
required_skills,Cybersecurity|Risk Analysis|ML Security|Red Teaming|Research,1,0.06666666666666667,OBSERVED
required_skills,Python|Data Visualization|SQL|Communication|Business Analysis|Agile|Research|Linux,1,0.06666666666666667,OBSERVED
required_skills,Agile|Product Strategy|AI Literacy|Research|Problem Solving|Linux,1,0.06666666666666667,OBSERVED
required_skills,Fine-tuning|PyTorch|Vision-Language Models|APIs|Agile,1,0.06666666666666667,OBSERVED
required_skills,PyTorch|Research|Deep Learning|Publishing|Mathematics|Agile,1,0.06666666666666667,OBSERVED
required_skills,Cloud (AWS/GCP/Azure)|Python|Docker|PyTorch|Agile,1,0.06666666666666667,OBSERVED
required_skills,TensorFlow|Neural Networks|GPU Computing|Python|Cloud|Research|Communication,1,0.06666666666666667,OBSERVED
required_skills,LLMs|Vector DBs|Search Systems|Python|Cloud|Git,1,0.06666666666666667,OBSERVED
required_skills,PyTorch|CNNs|OpenCV|Python|Image Processing|Communication|Research,1,0.06666666666666667,OBSERVED
required_skills,Deep Learning|Causal Inference|Python|Cloud|SQL|Statistics,1,0.06666666666666667,OBSERVED
required_skills,Legal Knowledge|Risk Management|EU AI Act|Auditing|Documentation|Research|Linux,1,0.06666666666666667,OBSERVED
required_skills,Prompt Design|LLM APIs|Python|Linux|Agile,1,0.06666666666666667,OBSERVED
required_skills,Python|dbt|Feature Stores|Linux,1,0.06666666666666667,OBSERVED
required_skills,Python|Kubernetes|CI/CD|Cloud|Monitoring|Research,1,0.06666666666666667,OBSERVED
required_skills,SQL|Python|Communication|Business Analysis|Data Visualization|Problem Solving|Statistics|Leadership,1,0.06666666666666667,OBSERVED
required_skills,ML|Enterprise Architecture|System Design|Cloud|Leadership|Git,1,0.06666666666666667,OBSERVED
required_skills,AI Literacy|Data Analysis|Stakeholder Mgmt|Agile|Product Strategy|Problem Solving,1,0.06666666666666667,OBSERVED
required_skills,Python|Deep Learning|PyTorch|Mathematics|Statistics|Agile,1,0.06666666666666667,OBSERVED
required_skills,Prompt Design|Documentation|Python|Testing|Cloud,1,0.06666666666666667,OBSERVED
required_skills,LLMs|Search Systems|LangChain|Embeddings|Git|Research|Leadership,1,0.06666666666666667,OBSERVED
required_skills,Transformers|BERT|Text Processing|Hugging Face|Agile|Statistics|Research,1,0.06666666666666667,OBSERVED
required_skills,Python|ROS|C++|Agile|Leadership|Git,1,0.06666666666666667,OBSERVED
required_skills,Vector DBs|Fine-tuning|Prompt Engineering|Linux|Agile,1,0.06666666666666667,OBSERVED
required_skills,Deep Learning|Mathematics|Publishing|PyTorch|Research,1,0.06666666666666667,OBSERVED
required_skills,ML Security|Python|Red Teaming|Linux|Leadership|SQL,1,0.06666666666666667,OBSERVED
required_skills,Cloud (AWS/GCP/Azure)|LLM Integration|PyTorch|Python|Linux|Leadership,1,0.06666666666666667,OBSERVED
required_skills,Auditing|Documentation|EU AI Act|Agile|Git|SQL,1,0.06666666666666667,OBSERVED
required_skills,Fine-tuning|RAG|Prompt Engineering|Statistics|Leadership|SQL,1,0.06666666666666667,OBSERVED
required_skills,Spark|Feature Stores|Python|SQL|Git|SQL,1,0.06666666666666667,OBSERVED
required_skills,Hugging Face|Transformers|Python|Git|Problem Solving|Linux,1,0.06666666666666667,OBSERVED
required_skills,Publishing|Research|Mathematics|Python|Deep Learning|PyTorch|Cloud,1,0.06666666666666667,OBSERVED
required_skills,GPU Computing|Python|Neural Networks|TensorFlow|Git|SQL,1,0.06666666666666667,OBSERVED
required_skills,Planning Systems|Python|Tool Use|LangChain|AutoGen|APIs|Git|Leadership|Communication,1,0.06666666666666667,OBSERVED
required_skills,Communication|Business Analysis|Python|SQL|Research|Statistics,1,0.06666666666666667,OBSERVED
required_skills,Feature Stores|dbt|Spark|Cloud|Git,1,0.06666666666666667,OBSERVED
required_skills,SQL|Kubernetes|PyTorch|TensorFlow|Python|MLOps|Linux,1,0.06666666666666667,OBSERVED
required_skills,Python|Docker|PyTorch|LLM Integration|Cloud (AWS/GCP/Azure)|Communication,1,0.06666666666666667,OBSERVED
required_skills,Business Analysis|SQL|Data Visualization|Linux|Cloud,1,0.06666666666666667,OBSERVED
required_skills,Python|LangChain|APIs|Problem Solving|Agile|Cloud,1,0.06666666666666667,OBSERVED
required_skills,Enterprise Architecture|Python|System Design|ML|Statistics|Cloud,1,0.06666666666666667,OBSERVED
required_skills,Red Teaming|Risk Analysis|Cybersecurity|SQL,1,0.06666666666666667,OBSERVED
required_skills,Python|PyTorch|MLOps|Problem Solving|Statistics|Cloud,1,0.06666666666666667,OBSERVED
required_skills,Python|Diffusion Models|GenAI APIs|Deployment|LLMs|Fine-tuning|Statistics|Linux,1,0.06666666666666667,OBSERVED
required_skills,Python|Business Analysis|SQL|Communication|Linux|Problem Solving|Communication,1,0.06666666666666667,OBSERVED
required_skills,Image Processing|Python|CNNs|CUDA|Research,1,0.06666666666666667,OBSERVED
required_skills,Stakeholder Mgmt|AI Literacy|Data Analysis|Agile|SQL|Communication|Git,1,0.06666666666666667,OBSERVED
required_skills,Python|ML|System Design|Cloud|Agile,1,0.06666666666666667,OBSERVED
required_skills,LLMs|Python|Fine-tuning|GenAI APIs|Deployment|Diffusion Models|Communication|Linux|Statistics,1,0.06666666666666667,OBSERVED
required_skills,Python|CUDA|TensorFlow|PyTorch|Neural Networks|Leadership|Problem Solving,1,0.06666666666666667,OBSERVED
required_skills,Python|Fine-tuning|APIs|Vision-Language Models|Linux,1,0.06666666666666667,OBSERVED
required_skills,Python|ROS|Control Systems|Computer Vision|Simulation|Problem Solving|Statistics,1,0.06666666666666667,OBSERVED
required_skills,Python|ML|Leadership|System Design|Statistics,1,0.06666666666666667,OBSERVED
required_skills,Distributed Systems|CUDA|Storage|Cloud|Leadership,1,0.06666666666666667,OBSERVED
required_skills,Python|Publishing|Research|PyTorch|Deep Learning|Mathematics|Communication,1,0.06666666666666667,OBSERVED
required_skills,Causal Inference|Python|Leadership|Deep Learning|ML|Advanced Statistics|Communication|SQL,1,0.06666666666666667,OBSERVED
required_skills,Risk Analysis|Python|ML Security|Red Teaming|Leadership|Statistics,1,0.06666666666666667,OBSERVED
required_skills,Kubernetes|Cloud|Docker|Leadership|Statistics,1,0.06666666666666667,OBSERVED
required_skills,LLM APIs|NLP|Python|Testing|SQL|Agile,1,0.06666666666666667,OBSERVED
required_skills,Python|Cloud|Docker|CI/CD|Problem Solving,1,0.06666666666666667,OBSERVED
required_skills,Hugging Face|LLMs|Text Processing|Python|Statistics|Leadership,1,0.06666666666666667,OBSERVED
required_skills,System Design|Distributed Systems|LLM Fine-tuning|MLOps|PyTorch|Leadership,1,0.06666666666666667,OBSERVED
required_skills,Data Analysis|Product Strategy|AI Literacy|Git|Problem Solving,1,0.06666666666666667,OBSERVED
required_skills,ML Security|Risk Analysis|Python|Agile,1,0.06666666666666667,OBSERVED
required_skills,Fine-tuning|RAG|Python|Communication|Statistics,1,0.06666666666666667,OBSERVED
required_skills,Python|Deep Learning|Leadership|Communication|Problem Solving|Agile,1,0.06666666666666667,OBSERVED
required_skills,CUDA|Distributed Systems|Storage|Cloud|Communication|Cloud|Git,1,0.06666666666666667,OBSERVED
required_skills,LLMs|Fine-tuning|Diffusion Models|Python|GenAI APIs|Deployment|Communication|Git,1,0.06666666666666667,OBSERVED
required_skills,Python|ML Algorithms|SQL|Data Visualization|Statistics|Scikit-learn|Communication|Problem Solving,1,0.06666666666666667,OBSERVED
required_skills,Auditing|Documentation|EU AI Act|Risk Management|Git,1,0.06666666666666667,OBSERVED
required_skills,Research|AI Policy|Communication|Risk Assessment|Communication|Agile,1,0.06666666666666667,OBSERVED
required_skills,Cloud (AWS/GCP/Azure)|Python|Docker|PyTorch|Communication,1,0.06666666666666667,OBSERVED
required_skills,Computer Vision|C++|Simulation|Cloud|Statistics|Agile,1,0.06666666666666667,OBSERVED
required_skills,Simulation|Python|Computer Vision|Communication,1,0.06666666666666667,OBSERVED
required_skills,Planning Systems|APIs|Python|LangChain|Tool Use|AutoGen|Communication,1,0.06666666666666667,OBSERVED
required_skills,Communication|AI Policy|Ethics Frameworks|Agile,1,0.06666666666666667,OBSERVED
required_skills,Distributed Systems|Kubernetes|CUDA|Cloud|Storage|Networking|Leadership|Statistics,1,0.06666666666666667,OBSERVED
required_skills,AutoGen|Planning Systems|Tool Use|APIs|Python|LangChain|Research|Linux,1,0.06666666666666667,OBSERVED
required_skills,Tool Use|LangChain|Python|APIs|SQL,1,0.06666666666666667,OBSERVED
required_skills,CUDA|Python|Neural Networks|GPU Computing|Git,1,0.06666666666666667,OBSERVED
required_skills,MLOps|Python|PyTorch|System Design|LLM Fine-tuning|Statistics|Cloud,1,0.06666666666666667,OBSERVED
required_skills,Embeddings|LangChain|Search Systems|Vector DBs|LLMs|Python|Linux|Leadership|Git,1,0.06666666666666667,OBSERVED
required_skills,PyTorch|Python|Fine-tuning|APIs|Vision-Language Models|SQL|Cloud,1,0.06666666666666667,OBSERVED
required_skills,APIs|LangChain|AutoGen|Statistics|Linux,1,0.06666666666666667,OBSERVED
required_skills,Cloud (AWS/GCP/Azure)|Docker|PyTorch|Python|LLM Integration|Communication,1,0.06666666666666667,OBSERVED
required_skills,Stakeholder Mgmt|AI Literacy|Product Strategy|Agile|Linux|Cloud,1,0.06666666666666667,OBSERVED
required_skills,Embeddings|Search Systems|LangChain|Agile|Linux|Git,1,0.06666666666666667,OBSERVED
required_skills,PyTorch|APIs|Vision-Language Models|Python|Communication|Problem Solving,1,0.06666666666666667,OBSERVED
required_skills,Python|LLMs|Transformers|Cloud|Communication,1,0.06666666666666667,OBSERVED
required_skills,Product Strategy|Data Analysis|AI Literacy|Stakeholder Mgmt|Agile|Statistics|Linux,1,0.06666666666666667,OBSERVED
required_skills,Advanced Statistics|ML|Causal Inference|Statistics|Cloud|Agile,1,0.06666666666666667,OBSERVED
required_skills,GenAI APIs|Python|Diffusion Models|Deployment|Research,1,0.06666666666666667,OBSERVED
required_skills,Fine-tuning|Diffusion Models|GenAI APIs|Deployment|Cloud,1,0.06666666666666667,OBSERVED
required_skills,Documentation|EU AI Act|Risk Management|Legal Knowledge|Git,1,0.06666666666666667,OBSERVED
required_skills,AI Literacy|Data Analysis|Product Strategy|Agile|Stakeholder Mgmt|Git,1,0.06666666666666667,OBSERVED
required_skills,Python|System Design|MLOps|PyTorch|Agile|Linux|Statistics,1,0.06666666666666667,OBSERVED
required_skills,Python|Data Visualization|Business Analysis|Agile|Cloud|Problem Solving,1,0.06666666666666667,OBSERVED
required_skills,LangChain|APIs|AutoGen|Python|Planning Systems|Problem Solving|SQL,1,0.06666666666666667,OBSERVED
required_skills,Python|Diffusion Models|GenAI APIs|Cloud,1,0.06666666666666667,OBSERVED
required_skills,Enterprise Architecture|System Design|Python|ML|Leadership|Cloud,1,0.06666666666666667,OBSERVED
required_skills,Vector DBs|Python|LangChain|Search Systems|Communication,1,0.06666666666666667,OBSERVED
required_skills,PyTorch|CUDA|Neural Networks|Research|SQL,1,0.06666666666666667,OBSERVED
required_skills,Python|Scikit-learn|Data Visualization|Statistics|SQL|SQL,1,0.06666666666666667,OBSERVED
required_skills,SQL|Statistics|Scikit-learn|Data Visualization|Communication|Leadership,1,0.06666666666666667,OBSERVED
required_skills,Causal Inference|Python|ML|Deep Learning|Communication,1,0.06666666666666667,OBSERVED
required_skills,Control Systems|ROS|Simulation|Python|Git|Communication,1,0.06666666666666667,OBSERVED
required_skills,SQL|PyTorch|Python|Kubernetes|Statistics|Git,1,0.06666666666666667,OBSERVED
required_skills,Scikit-learn|Python|Statistics|ML Algorithms|SQL|Data Visualization|Linux|Git|Agile,1,0.06666666666666667,OBSERVED
required_skills,Prompt Design|NLP|LLM APIs|Documentation|Python|Statistics,1,0.06666666666666667,OBSERVED
required_skills,Causal Inference|Python|Leadership|ML|Deep Learning|Cloud|Research|Communication,1,0.06666666666666667,OBSERVED
required_skills,LangChain|Python|Planning Systems|APIs|Tool Use|AutoGen|Git,1,0.06666666666666667,OBSERVED
required_skills,SQL|Business Analysis|Python|Data Visualization|Communication|Git,1,0.06666666666666667,OBSERVED
required_skills,Communication|Python|Business Analysis|Data Visualization|SQL|Statistics,1,0.06666666666666667,OBSERVED
required_skills,System Design|LLM Fine-tuning|MLOps|Leadership|Problem Solving|Cloud,1,0.06666666666666667,OBSERVED
required_skills,Documentation|LLM APIs|NLP|SQL|Linux,1,0.06666666666666667,OBSERVED
required_skills,Docker|CI/CD|Python|Kubernetes|MLflow|Cloud|SQL|Agile,1,0.06666666666666667,OBSERVED
required_skills,NLP|Testing|LLM APIs|Prompt Design|Documentation|Python|Research|Linux|Statistics,1,0.06666666666666667,OBSERVED
required_skills,LLM APIs|Python|NLP|Testing|Documentation|Problem Solving|SQL|Research,1,0.06666666666666667,OBSERVED
required_skills,Deployment|Python|GenAI APIs|Fine-tuning|Problem Solving|Git|Statistics,1,0.06666666666666667,OBSERVED
required_skills,C++|Computer Vision|Python|ROS|Statistics|Linux|SQL,1,0.06666666666666667,OBSERVED
required_skills,Python|SQL|ML Algorithms|Statistics|Data Visualization|Scikit-learn|Research,1,0.06666666666666667,OBSERVED
required_skills,ML Algorithms|Data Visualization|Statistics|Statistics,1,0.06666666666666667,OBSERVED
required_skills,Kubernetes|TensorFlow|MLOps|PyTorch|Python|Leadership|Agile|SQL,1,0.06666666666666667,OBSERVED
required_skills,Deployment|Fine-tuning|LLMs|Diffusion Models|GenAI APIs|Communication|Statistics,1,0.06666666666666667,OBSERVED
required_skills,SQL|Kubernetes|Python|TensorFlow|PyTorch|Research,1,0.06666666666666667,OBSERVED
required_skills,SQL|ML Algorithms|Statistics|Problem Solving,1,0.06666666666666667,OBSERVED
required_skills,Auditing|Documentation|EU AI Act|Legal Knowledge|Git,1,0.06666666666666667,OBSERVED
required_skills,LLMs|Deployment|Python|Fine-tuning|GenAI APIs|Communication,1,0.06666666666666667,OBSERVED
required_skills,CNNs|Image Processing|CUDA|Cloud,1,0.06666666666666667,OBSERVED
required_skills,Business Analysis|Python|SQL|Problem Solving|Research|Git,1,0.06666666666666667,OBSERVED
required_skills,Python|Distributed Systems|LLM Fine-tuning|Cloud|Problem Solving,1,0.06666666666666667,OBSERVED
required_skills,Docker|Python|PyTorch|Cloud (AWS/GCP/Azure)|Agile|Problem Solving|Communication,1,0.06666666666666667,OBSERVED
required_skills,ML Security|Risk Analysis|Cybersecurity|Linux,1,0.06666666666666667,OBSERVED
required_skills,EU AI Act|Risk Management|Auditing|Documentation|Leadership|SQL|Cloud,1,0.06666666666666667,OBSERVED
required_skills,Ethics Frameworks|Communication|Risk Assessment|AI Policy|Research|SQL|Research,1,0.06666666666666667,OBSERVED
required_skills,Python|Deployment|Fine-tuning|LLMs|Diffusion Models|Agile,1,0.06666666666666667,OBSERVED
required_skills,Kubernetes|Cloud|Python|Monitoring|Git|SQL,1,0.06666666666666667,OBSERVED
required_skills,Python|Transformers|Hugging Face|Communication,1,0.06666666666666667,OBSERVED
required_skills,Risk Management|EU AI Act|Documentation|Auditing|Leadership,1,0.06666666666666667,OBSERVED
required_skills,Publishing|Research|Deep Learning|Mathematics|PyTorch|Agile|Cloud,1,0.06666666666666667,OBSERVED
required_skills,Fine-tuning|Prompt Engineering|Python|RAG|Vector DBs|Research|Leadership,1,0.06666666666666667,OBSERVED
required_skills,LLM APIs|Python|Prompt Design|Documentation|NLP|Testing|Leadership|Problem Solving|Git,1,0.06666666666666667,OBSERVED
required_skills,Fine-tuning|PyTorch|Python|Agile|Statistics,1,0.06666666666666667,OBSERVED
required_skills,Vector DBs|RAG|Fine-tuning|Python|LLM APIs|Prompt Engineering|Cloud|Communication,1,0.06666666666666667,OBSERVED
required_skills,Docker|Cloud (AWS/GCP/Azure)|LLM Integration|Python|SQL|Linux|Leadership,1,0.06666666666666667,OBSERVED
required_skills,CUDA|TensorFlow|Python|Neural Networks|GPU Computing|PyTorch|Problem Solving,1,0.06666666666666667,OBSERVED
required_skills,PyTorch|APIs|Vision-Language Models|Git,1,0.06666666666666667,OBSERVED
required_skills,GPU Computing|Neural Networks|TensorFlow|Python|Linux,1,0.06666666666666667,OBSERVED
required_skills,Publishing|Mathematics|Deep Learning|Python|PyTorch|Research|Cloud|Problem Solving,1,0.06666666666666667,OBSERVED
required_skills,Networking|Cloud|Kubernetes|Distributed Systems|CUDA|Git|Statistics|Problem Solving,1,0.06666666666666667,OBSERVED
required_skills,Python|System Design|Leadership|Cloud|Linux,1,0.06666666666666667,OBSERVED
required_skills,Cloud|ML|System Design|Cloud|Linux|Git,1,0.06666666666666667,OBSERVED
required_skills,Python|APIs|PyTorch|Vision-Language Models|Fine-tuning|Problem Solving,1,0.06666666666666667,OBSERVED
required_skills,Communication|SQL|Data Visualization|Python|Business Analysis|Problem Solving|Cloud|Research,1,0.06666666666666667,OBSERVED
required_skills,Python|RAG|Fine-tuning|Vector DBs|Communication|Research,1,0.06666666666666667,OBSERVED
required_skills,Python|Prompt Design|Documentation|NLP|Cloud|Linux|Statistics,1,0.06666666666666667,OBSERVED
required_skills,Docker|Python|PyTorch|Problem Solving,1,0.06666666666666667,OBSERVED
required_skills,Research|Communication|Ethics Frameworks|Linux|Agile,1,0.06666666666666667,OBSERVED
required_skills,Risk Management|Auditing|Documentation|Legal Knowledge|EU AI Act|Research,1,0.06666666666666667,OBSERVED
required_skills,GPU Computing|Python|Neural Networks|TensorFlow|Agile|Linux,1,0.06666666666666667,OBSERVED
required_skills,PyTorch|Python|LLM Integration|Docker|Cloud (AWS/GCP/Azure)|Linux|Cloud,1,0.06666666666666667,OBSERVED
required_skills,Kubernetes|Cloud|Monitoring|Python|CI/CD|MLflow|Cloud|Problem Solving,1,0.06666666666666667,OBSERVED
required_skills,Kubernetes|MLOps|TensorFlow|SQL|Python|Cloud|Problem Solving|Communication,1,0.06666666666666667,OBSERVED
required_skills,Python|APIs|Planning Systems|AutoGen|Cloud|Problem Solving|Git,1,0.06666666666666667,OBSERVED
required_skills,Simulation|Control Systems|C++|Agile,1,0.06666666666666667,OBSERVED
required_skills,PyTorch|LLM Integration|Python|Docker|Cloud (AWS/GCP/Azure)|Linux|Communication|Research,1,0.06666666666666667,OBSERVED
required_skills,Python|Research|Publishing|PyTorch|Agile,1,0.06666666666666667,OBSERVED
required_skills,APIs|Tool Use|Planning Systems|Leadership|Linux,1,0.06666666666666667,OBSERVED
required_skills,LangChain|Vector DBs|Python|LLMs|Embeddings|Search Systems|Communication|Statistics|Research,1,0.06666666666666667,OBSERVED
required_skills,ROS|Simulation|C++|Control Systems|Python|Leadership|Cloud,1,0.06666666666666667,OBSERVED
required_skills,Red Teaming|Cybersecurity|ML Security|Leadership|Communication|Problem Solving,1,0.06666666666666667,OBSERVED
required_skills,Publishing|PyTorch|Deep Learning|Statistics,1,0.06666666666666667,OBSERVED
required_skills,Python|Deployment|LLMs|GenAI APIs|Diffusion Models|Git|Statistics|Linux,1,0.06666666666666667,OBSERVED
required_skills,Prompt Design|NLP|Documentation|Python|Statistics|Linux,1,0.06666666666666667,OBSERVED
required_skills,CUDA|Storage|Distributed Systems|Communication|Research|Agile,1,0.06666666666666667,OBSERVED
required_skills,Hugging Face|LLMs|BERT|Research|Statistics,1,0.06666666666666667,OBSERVED
required_skills,RAG|LLM APIs|Prompt Engineering|Vector DBs|Fine-tuning|Linux|Communication,1,0.06666666666666667,OBSERVED
required_skills,APIs|Vision-Language Models|Python|PyTorch|Statistics|Cloud|Linux,1,0.06666666666666667,OBSERVED
required_skills,Python|Publishing|Mathematics|Deep Learning|Research|Leadership|Communication,1,0.06666666666666667,OBSERVED
required_skills,Python|Mathematics|PyTorch|Deep Learning|Publishing|Leadership|Problem Solving,1,0.06666666666666667,OBSERVED
required_skills,Legal Knowledge|Documentation|EU AI Act|Auditing|Risk Management|Communication|Linux|Git,1,0.06666666666666667,OBSERVED
required_skills,Publishing|Mathematics|Deep Learning|Python|PyTorch|Statistics|Leadership|Problem Solving,1,0.06666666666666667,OBSERVED
required_skills,Advanced Statistics|Deep Learning|ML|Python|Leadership|Cloud|Linux,1,0.06666666666666667,OBSERVED
required_skills,PyTorch|System Design|MLOps|Distributed Systems|Python|LLM Fine-tuning|Agile,1,0.06666666666666667,OBSERVED
required_skills,Legal Knowledge|EU AI Act|Auditing|Leadership,1,0.06666666666666667,OBSERVED
required_skills,Neural Networks|GPU Computing|CUDA|TensorFlow|Python|Research|Problem Solving,1,0.06666666666666667,OBSERVED
required_skills,Planning Systems|AutoGen|APIs|LangChain|Python|Tool Use|Git|Agile|Cloud,1,0.06666666666666667,OBSERVED
required_skills,MLOps|SQL|Python|PyTorch|Problem Solving,1,0.06666666666666667,OBSERVED
required_skills,Transformers|BERT|Text Processing|Hugging Face|LLMs|Communication|SQL|Research,1,0.06666666666666667,OBSERVED
required_skills,Auditing|Legal Knowledge|EU AI Act|Leadership|SQL,1,0.06666666666666667,OBSERVED
required_skills,Airflow|ETL|Spark|Leadership,1,0.06666666666666667,OBSERVED
required_skills,Python|LLMs|Hugging Face|Text Processing|BERT|Cloud|SQL,1,0.06666666666666667,OBSERVED
required_skills,Python|MLOps|LLM Fine-tuning|System Design|Problem Solving|Git,1,0.06666666666666667,OBSERVED
required_skills,LangChain|Planning Systems|Python|Git|Linux|SQL,1,0.06666666666666667,OBSERVED
required_skills,Documentation|Legal Knowledge|Risk Management|Agile,1,0.06666666666666667,OBSERVED
required_skills,LLM APIs|RAG|Vector DBs|Fine-tuning|Prompt Engineering|Statistics|Git,1,0.06666666666666667,OBSERVED
required_skills,Testing|Documentation|Python|SQL|Agile,1,0.06666666666666667,OBSERVED
required_skills,ML Security|Cybersecurity|Red Teaming|Risk Analysis|Cloud|Agile,1,0.06666666666666667,OBSERVED
required_skills,GPU Computing|Neural Networks|TensorFlow|PyTorch|CUDA|Problem Solving|Linux,1,0.06666666666666667,OBSERVED
required_skills,Docker|Python|MLflow|Kubernetes|Cloud|Monitoring|Leadership|SQL|Research,1,0.06666666666666667,OBSERVED
required_skills,APIs|Fine-tuning|Python|Vision-Language Models|PyTorch|Cloud|Leadership|Problem Solving,1,0.06666666666666667,OBSERVED
required_skills,SQL|Scikit-learn|Python|Data Visualization|ML Algorithms|Statistics|Leadership,1,0.06666666666666667,OBSERVED
required_skills,SQL|Communication|Business Analysis|Data Visualization|Agile|Statistics,1,0.06666666666666667,OBSERVED
required_skills,Embeddings|Python|LLMs|Problem Solving|Git|SQL,1,0.06666666666666667,OBSERVED
required_skills,GenAI APIs|Fine-tuning|Python|LLMs|Leadership,1,0.06666666666666667,OBSERVED
required_skills,Data Analysis|AI Literacy|Stakeholder Mgmt|Agile|Problem Solving|Git|Linux,1,0.06666666666666667,OBSERVED
required_skills,Search Systems|Vector DBs|Embeddings|LangChain|Linux,1,0.06666666666666667,OBSERVED
required_skills,RAG|LLM APIs|Python|Fine-tuning|Vector DBs|Prompt Engineering|SQL|Agile,1,0.06666666666666667,OBSERVED
required_skills,Python|Docker|PyTorch|Cloud (AWS/GCP/Azure)|Git,1,0.06666666666666667,OBSERVED
required_skills,Risk Management|Auditing|EU AI Act|Documentation|Legal Knowledge|Agile|Leadership|Linux,1,0.06666666666666667,OBSERVED
required_skills,Prompt Design|Testing|Python|Agile|Linux|Cloud,1,0.06666666666666667,OBSERVED
required_skills,Vector DBs|Python|RAG|Statistics|Git|Cloud,1,0.06666666666666667,OBSERVED
required_skills,SQL|Communication|Business Analysis|SQL|Git,1,0.06666666666666667,OBSERVED
required_skills,AutoGen|LangChain|Python|Agile|Communication,1,0.06666666666666667,OBSERVED
required_skills,Cloud (AWS/GCP/Azure)|LLM Integration|Docker|Python|PyTorch|Agile,1,0.06666666666666667,OBSERVED
required_skills,LLM APIs|NLP|Testing|Prompt Design|Documentation|Python|Research,1,0.06666666666666667,OBSERVED
required_skills,Text Processing|BERT|Transformers|Problem Solving|Leadership|Communication,1,0.06666666666666667,OBSERVED
required_skills,Data Visualization|Business Analysis|Communication|Python|Problem Solving,1,0.06666666666666667,OBSERVED
required_skills,Python|Kubernetes|PyTorch|MLOps|SQL|TensorFlow|Leadership,1,0.06666666666666667,OBSERVED
required_skills,Python|APIs|PyTorch|Fine-tuning|Linux|Git,1,0.06666666666666667,OBSERVED
required_skills,PyTorch|CNNs|CUDA|Git|Agile|Problem Solving,1,0.06666666666666667,OBSERVED
required_skills,Python|SQL|Business Analysis|Data Visualization|Cloud|Linux|Statistics,1,0.06666666666666667,OBSERVED
required_skills,Prompt Design|Testing|Python|Documentation|NLP|Communication,1,0.06666666666666667,OBSERVED
required_skills,Stakeholder Mgmt|AI Literacy|Agile|Data Analysis|Product Strategy|Leadership,1,0.06666666666666667,OBSERVED
required_skills,PyTorch|Docker|Python|Agile,1,0.06666666666666667,OBSERVED
required_skills,Testing|Documentation|Python|LLM APIs|NLP|Prompt Design|Leadership|Cloud|Communication,1,0.06666666666666667,OBSERVED
required_skills,ML|Python|Causal Inference|Deep Learning|Advanced Statistics|Research|Agile,1,0.06666666666666667,OBSERVED
required_skills,Stakeholder Mgmt|Data Analysis|Product Strategy|Agile|AI Literacy|Leadership|Problem Solving,1,0.06666666666666667,OBSERVED
required_skills,Python|Leadership|Advanced Statistics|Research|Linux|Git,1,0.06666666666666667,OBSERVED
required_skills,Fine-tuning|Vector DBs|RAG|Python|Problem Solving,1,0.06666666666666667,OBSERVED
required_skills,CNNs|PyTorch|CUDA|Research|Statistics|Leadership,1,0.06666666666666667,OBSERVED
required_skills,PyTorch|SQL|TensorFlow|SQL|Communication|Cloud,1,0.06666666666666667,OBSERVED
required_skills,Embeddings|Python|LangChain|SQL,1,0.06666666666666667,OBSERVED
required_skills,Python|GPU Computing|TensorFlow|CUDA|Cloud|Git,1,0.06666666666666667,OBSERVED
required_skills,AutoGen|APIs|LangChain|Python|Planning Systems|Tool Use|SQL|Linux|Statistics,1,0.06666666666666667,OBSERVED
required_skills,Python|Text Processing|BERT|Hugging Face|Communication|Agile|Research,1,0.06666666666666667,OBSERVED
required_skills,LangChain|Tool Use|Planning Systems|AutoGen|Python|Git,1,0.06666666666666667,OBSERVED
required_skills,PyTorch|Python|LLM Fine-tuning|Distributed Systems|MLOps|System Design|Leadership|Problem Solving,1,0.06666666666666667,OBSERVED
required_skills,PyTorch|Vision-Language Models|Python|APIs|Fine-tuning|Cloud|Linux|Communication,1,0.06666666666666667,OBSERVED
required_skills,RAG|Vector DBs|Fine-tuning|Python|LLM APIs|SQL|Linux|Git,1,0.06666666666666667,OBSERVED
required_skills,Python|RAG|Vector DBs|Fine-tuning|Prompt Engineering|Research,1,0.06666666666666667,OBSERVED
required_skills,Python|APIs|PyTorch|Leadership|Statistics,1,0.06666666666666667,OBSERVED
required_skills,Python|Data Visualization|ML Algorithms|Leadership|Statistics,1,0.06666666666666667,OBSERVED
required_skills,Python|ML|Causal Inference|Advanced Statistics|Statistics,1,0.06666666666666667,OBSERVED
required_skills,ML|Advanced Statistics|Leadership|Causal Inference|Leadership|Statistics,1,0.06666666666666667,OBSERVED
required_skills,Data Visualization|SQL|Python|Communication|Agile|Statistics,1,0.06666666666666667,OBSERVED
required_skills,ML|System Design|Python|Linux,1,0.06666666666666667,OBSERVED
required_skills,Text Processing|Python|LLMs|Transformers|Leadership,1,0.06666666666666667,OBSERVED
required_skills,SQL|Python|Scikit-learn|Data Visualization|Statistics|Statistics|Agile,1,0.06666666666666667,OBSERVED
required_skills,TensorFlow|MLOps|Kubernetes|PyTorch|Python|Problem Solving|Communication|Statistics,1,0.06666666666666667,OBSERVED
required_skills,Python|ML Security|Risk Analysis|Red Teaming|Cybersecurity|Statistics,1,0.06666666666666667,OBSERVED
required_skills,Statistics|ML Algorithms|SQL|Python|Cloud|Research|Linux,1,0.06666666666666667,OBSERVED
required_skills,Enterprise Architecture|System Design|Leadership|Cloud|ML|Linux,1,0.06666666666666667,OBSERVED
required_skills,Documentation|Python|Prompt Design|LLM APIs|Communication|SQL|Leadership,1,0.06666666666666667,OBSERVED
required_skills,EU AI Act|Risk Management|Auditing|Statistics|Cloud,1,0.06666666666666667,OBSERVED
required_skills,CUDA|TensorFlow|Python|GPU Computing|Neural Networks|PyTorch|SQL|Problem Solving|Git,1,0.06666666666666667,OBSERVED
required_skills,Tool Use|Python|Planning Systems|LangChain|Git,1,0.06666666666666667,OBSERVED
required_skills,LLM APIs|Documentation|NLP|Git,1,0.06666666666666667,OBSERVED
required_skills,EU AI Act|Documentation|Auditing|Legal Knowledge|SQL|Git,1,0.06666666666666667,OBSERVED
required_skills,PyTorch|CNNs|Image Processing|OpenCV|Python|CUDA|SQL,1,0.06666666666666667,OBSERVED
required_skills,Python|Data Visualization|SQL|Statistics|ML Algorithms|Scikit-learn|Statistics,1,0.06666666666666667,OBSERVED
required_skills,Image Processing|CUDA|PyTorch|OpenCV|CNNs|Python|Cloud|Statistics|Leadership,1,0.06666666666666667,OBSERVED
required_skills,Red Teaming|Risk Analysis|Cybersecurity|ML Security|Statistics|Git,1,0.06666666666666667,OBSERVED
required_skills,Vector DBs|Embeddings|LLMs|Problem Solving|Research|Statistics,1,0.06666666666666667,OBSERVED
required_skills,Kubernetes|Monitoring|CI/CD|Python|Cloud|MLflow|Git,1,0.06666666666666667,OBSERVED
required_skills,Tool Use|Python|Planning Systems|AutoGen|Problem Solving|Research,1,0.06666666666666667,OBSERVED
required_skills,Fine-tuning|RAG|Vector DBs|LLM APIs|Linux|Problem Solving,1,0.06666666666666667,OBSERVED
required_skills,Networking|Kubernetes|Storage|CUDA|Distributed Systems|Git|Statistics|Research,1,0.06666666666666667,OBSERVED
required_skills,GenAI APIs|Python|Fine-tuning|LLMs|Statistics|SQL|Cloud,1,0.06666666666666667,OBSERVED
required_skills,LangChain|Python|Embeddings|Vector DBs|LLMs|Statistics|Leadership|SQL,1,0.06666666666666667,OBSERVED
required_skills,LangChain|APIs|Python|SQL|Cloud,1,0.06666666666666667,OBSERVED
required_skills,Deep Learning|Leadership|Causal Inference|Python|Advanced Statistics|ML|Leadership,1,0.06666666666666667,OBSERVED
required_skills,Fine-tuning|APIs|PyTorch|Python|Vision-Language Models|Statistics|Research|Communication,1,0.06666666666666667,OBSERVED
required_skills,Prompt Engineering|Vector DBs|RAG|LLM APIs|Python|Communication|Statistics,1,0.06666666666666667,OBSERVED
required_skills,Distributed Systems|PyTorch|Python|Statistics|SQL,1,0.06666666666666667,OBSERVED
required_skills,Testing|Prompt Design|Documentation|Problem Solving|SQL|Git,1,0.06666666666666667,OBSERVED
required_skills,Prompt Engineering|Fine-tuning|LLM APIs|RAG|Vector DBs|Python|Leadership|Linux|Git,1,0.06666666666666667,OBSERVED
required_skills,LLMs|Fine-tuning|GenAI APIs|Python|Problem Solving,1,0.06666666666666667,OBSERVED
required_skills,Fine-tuning|Deployment|Diffusion Models|GenAI APIs|LLMs|Python|Statistics|Linux|Communication,1,0.06666666666666667,OBSERVED
required_skills,Business Analysis|Python|SQL|Cloud|Agile|Statistics,1,0.06666666666666667,OBSERVED
required_skills,Prompt Design|Python|LLM APIs|Testing|Cloud,1,0.06666666666666667,OBSERVED
required_skills,RAG|Fine-tuning|Python|Communication|Linux|Leadership,1,0.06666666666666667,OBSERVED
required_skills,Risk Assessment|AI Policy|Ethics Frameworks|Communication|Statistics|Cloud|Research,1,0.06666666666666667,OBSERVED
required_skills,Image Processing|PyTorch|CNNs|Leadership,1,0.06666666666666667,OBSERVED
required_skills,Advanced Statistics|Leadership|Deep Learning|ML|Git|Communication|Cloud,1,0.06666666666666667,OBSERVED
required_skills,Docker|Python|Cloud (AWS/GCP/Azure)|PyTorch|LLM Integration|Agile,1,0.06666666666666667,OBSERVED
required_skills,Vision-Language Models|Fine-tuning|APIs|Python|Linux|Leadership|Agile,1,0.06666666666666667,OBSERVED
required_skills,Deep Learning|Python|Advanced Statistics|ML|Problem Solving|SQL|Git,1,0.06666666666666667,OBSERVED
required_skills,LangChain|Tool Use|Planning Systems|APIs|Python|AutoGen|Agile,1,0.06666666666666667,OBSERVED
required_skills,Vector DBs|LLMs|Embeddings|Statistics,1,0.06666666666666667,OBSERVED
required_skills,C++|Control Systems|Simulation|Computer Vision|Python|Linux|Git|Communication,1,0.06666666666666667,OBSERVED
required_skills,Search Systems|Embeddings|Python|LangChain|Vector DBs|LLMs|Git|SQL,1,0.06666666666666667,OBSERVED
required_skills,Python|Kubernetes|PyTorch|TensorFlow|SQL,1,0.06666666666666667,OBSERVED
required_skills,Python|PyTorch|APIs|Problem Solving|Statistics|Leadership,1,0.06666666666666667,OBSERVED
required_skills,Risk Analysis|Cybersecurity|ML Security|Git|Statistics|Agile,1,0.06666666666666667,OBSERVED
required_skills,Risk Management|EU AI Act|Legal Knowledge|Auditing|Documentation|Leadership,1,0.06666666666666667,OBSERVED
required_skills,Airflow|Feature Stores|Spark|dbt|Communication|Agile|Problem Solving,1,0.06666666666666667,OBSERVED
required_skills,Kubernetes|Networking|Cloud|CUDA|Distributed Systems|Communication,1,0.06666666666666667,OBSERVED
required_skills,TensorFlow|Python|Kubernetes|SQL|MLOps|PyTorch|Git|Statistics|Leadership,1,0.06666666666666667,OBSERVED
required_skills,SQL|Airflow|ETL|Feature Stores|Python|Linux|Communication|Git,1,0.06666666666666667,OBSERVED
required_skills,Causal Inference|Leadership|Python|Advanced Statistics|ML|Deep Learning|Communication,1,0.06666666666666667,OBSERVED
required_skills,ML Algorithms|Data Visualization|SQL|Scikit-learn|Statistics|Python|Linux,1,0.06666666666666667,OBSERVED
required_skills,Python|Documentation|Testing|NLP|Problem Solving|Cloud,1,0.06666666666666667,OBSERVED
required_skills,RAG|Prompt Engineering|Fine-tuning|LLM APIs|Python|Vector DBs|Problem Solving|Cloud|Research,1,0.06666666666666667,OBSERVED
required_skills,Statistics|ML Algorithms|SQL|Data Visualization|Python|Leadership,1,0.06666666666666667,OBSERVED
required_skills,Image Processing|CUDA|PyTorch|OpenCV|CNNs|Python|Research,1,0.06666666666666667,OBSERVED
required_skills,AutoGen|APIs|Python|Tool Use|Planning Systems|Statistics|Git,1,0.06666666666666667,OBSERVED
required_skills,CUDA|Image Processing|PyTorch|OpenCV|Python|Linux,1,0.06666666666666667,OBSERVED
required_skills,ROS|C++|Python|Simulation|Statistics|Git,1,0.06666666666666667,OBSERVED
required_skills,Cloud (AWS/GCP/Azure)|Docker|Python|LLM Integration|Leadership|Agile|Linux,1,0.06666666666666667,OBSERVED
required_skills,LLMs|BERT|Hugging Face|Python|Text Processing|Transformers|Research|Agile,1,0.06666666666666667,OBSERVED
required_skills,Product Strategy|Data Analysis|Stakeholder Mgmt|Research|Linux|Statistics,1,0.06666666666666667,OBSERVED
required_skills,PyTorch|TensorFlow|Kubernetes|SQL|Python|MLOps|Cloud|Statistics|Linux,1,0.06666666666666667,OBSERVED
required_skills,Communication|Python|SQL|Business Analysis|Data Visualization|Agile|Leadership,1,0.06666666666666667,OBSERVED
required_skills,Spark|dbt|Airflow|ETL|SQL|Feature Stores|Cloud|Statistics,1,0.06666666666666667,OBSERVED
required_skills,GPU Computing|CUDA|TensorFlow|Python|PyTorch|Neural Networks|Git|SQL|Communication,1,0.06666666666666667,OBSERVED
required_skills,Business Analysis|SQL|Python|Communication|Git|Statistics,1,0.06666666666666667,OBSERVED
required_skills,SQL|Business Analysis|Python|Communication|Leadership,1,0.06666666666666667,OBSERVED
required_skills,Python|NLP|Testing|LLM APIs|Prompt Design|SQL|Agile|Problem Solving,1,0.06666666666666667,OBSERVED
required_skills,LLM Integration|Cloud (AWS/GCP/Azure)|Docker|Communication|Problem Solving|Agile,1,0.06666666666666667,OBSERVED
required_skills,Communication|Python|SQL|Data Visualization|Business Analysis|Cloud,1,0.06666666666666667,OBSERVED
required_skills,Cybersecurity|Red Teaming|ML Security|Problem Solving|Leadership|Git,1,0.06666666666666667,OBSERVED
required_skills,PyTorch|MLOps|SQL|Kubernetes|Problem Solving|Communication,1,0.06666666666666667,OBSERVED
required_skills,Computer Vision|Control Systems|Simulation|Research|Leadership,1,0.06666666666666667,OBSERVED
required_skills,Python|RAG|Fine-tuning|Vector DBs|LLM APIs|Problem Solving|Agile|Research,1,0.06666666666666667,OBSERVED
required_skills,Python|ROS|C++|Control Systems|Simulation|Research,1,0.06666666666666667,OBSERVED
required_skills,SQL|Scikit-learn|Python|Communication,1,0.06666666666666667,OBSERVED
required_skills,Stakeholder Mgmt|AI Literacy|Data Analysis|Agile|Agile,1,0.06666666666666667,OBSERVED
required_skills,Python|PyTorch|LLM Integration|Cloud (AWS/GCP/Azure)|Problem Solving|SQL|Leadership,1,0.06666666666666667,OBSERVED
required_skills,Docker|Python|MLflow|Monitoring|Statistics,1,0.06666666666666667,OBSERVED
required_skills,LLMs|Deployment|GenAI APIs|Fine-tuning|Python|SQL,1,0.06666666666666667,OBSERVED
required_skills,Python|Airflow|ETL|SQL|Communication|Problem Solving,1,0.06666666666666667,OBSERVED
required_skills,Python|Leadership|System Design|ML|Enterprise Architecture|Research|SQL,1,0.06666666666666667,OBSERVED
required_skills,PyTorch|MLOps|TensorFlow|Kubernetes|Python|SQL|Research|Git,1,0.06666666666666667,OBSERVED
required_skills,Transformers|Python|Text Processing|Hugging Face|Research|Leadership|SQL,1,0.06666666666666667,OBSERVED
required_skills,Vector DBs|LangChain|Search Systems|LLMs|Cloud,1,0.06666666666666667,OBSERVED
required_skills,GPU Computing|Neural Networks|PyTorch|Problem Solving,1,0.06666666666666667,OBSERVED
required_skills,Python|OpenCV|CUDA|PyTorch|Image Processing|Git|SQL,1,0.06666666666666667,OBSERVED
required_skills,Business Analysis|Communication|Python|Git|Cloud,1,0.06666666666666667,OBSERVED
required_skills,Deployment|Fine-tuning|Diffusion Models|LLMs|GenAI APIs|Git,1,0.06666666666666667,OBSERVED
required_skills,APIs|Vision-Language Models|Python|Leadership,1,0.06666666666666667,OBSERVED
required_skills,Search Systems|Embeddings|LangChain|Python|Communication|Statistics|Research,1,0.06666666666666667,OBSERVED
required_skills,Control Systems|Simulation|ROS|Agile,1,0.06666666666666667,OBSERVED
required_skills,LLM APIs|Python|Documentation|Testing|NLP|Agile|Git|SQL,1,0.06666666666666667,OBSERVED
required_skills,Risk Management|Auditing|Legal Knowledge|Documentation|EU AI Act|Linux|Git,1,0.06666666666666667,OBSERVED
required_skills,Python|LLM Integration|Cloud (AWS/GCP/Azure)|Linux|Communication,1,0.06666666666666667,OBSERVED
required_skills,Data Visualization|Statistics|SQL|Cloud,1,0.06666666666666667,OBSERVED
required_skills,EU AI Act|Documentation|Legal Knowledge|Auditing|Risk Management|Cloud|Statistics,1,0.06666666666666667,OBSERVED
required_skills,Legal Knowledge|Risk Management|Documentation|Auditing|Research|Problem Solving,1,0.06666666666666667,OBSERVED
required_skills,Testing|LLM APIs|NLP|Documentation|Python|Statistics|Research|Problem Solving,1,0.06666666666666667,OBSERVED
required_skills,SQL|Data Visualization|Communication|Python|Business Analysis|Git|Research|Linux,1,0.06666666666666667,OBSERVED
required_skills,TensorFlow|Neural Networks|GPU Computing|Python|PyTorch|CUDA|Research,1,0.06666666666666667,OBSERVED
required_skills,RAG|Fine-tuning|LLM APIs|Python|Prompt Engineering|Vector DBs|Cloud|Communication,1,0.06666666666666667,OBSERVED
required_skills,Networking|Kubernetes|Distributed Systems|Cloud|Leadership,1,0.06666666666666667,OBSERVED
required_skills,Documentation|Prompt Design|Testing|NLP|LLM APIs|Python|Communication,1,0.06666666666666667,OBSERVED
required_skills,Cloud (AWS/GCP/Azure)|Python|PyTorch|LLM Integration|Docker|Problem Solving,1,0.06666666666666667,OBSERVED
required_skills,Red Teaming|Python|Cybersecurity|Risk Analysis|Cloud,1,0.06666666666666667,OBSERVED
required_skills,SQL|TensorFlow|Python|Research|Git,1,0.06666666666666667,OBSERVED
required_skills,LLM Fine-tuning|Python|MLOps|Problem Solving|Leadership|Statistics,1,0.06666666666666667,OBSERVED
required_skills,Python|Documentation|Testing|LLM APIs|NLP|Prompt Design|Cloud,1,0.06666666666666667,OBSERVED
required_skills,Python|APIs|LangChain|Tool Use|AutoGen|Communication|Statistics|Problem Solving,1,0.06666666666666667,OBSERVED
required_skills,dbt|Airflow|ETL|Feature Stores|SQL|Cloud|Agile|Git,1,0.06666666666666667,OBSERVED
required_skills,Vector DBs|Embeddings|Search Systems|Git,1,0.06666666666666667,OBSERVED
required_skills,GenAI APIs|Deployment|Diffusion Models|LLMs|Fine-tuning|Python|SQL,1,0.06666666666666667,OBSERVED
required_skills,Risk Analysis|Python|Cybersecurity|Problem Solving,1,0.06666666666666667,OBSERVED
required_skills,Neural Networks|Python|TensorFlow|CUDA|PyTorch|Git|Agile|Leadership,1,0.06666666666666667,OBSERVED
required_skills,PyTorch|Vision-Language Models|APIs|Fine-tuning|Research|Problem Solving,1,0.06666666666666667,OBSERVED
required_skills,Monitoring|Docker|Kubernetes|MLflow|SQL,1,0.06666666666666667,OBSERVED
required_skills,SQL|Communication|Python|Data Visualization|Business Analysis|Leadership|Research|SQL,1,0.06666666666666667,OBSERVED
required_skills,Embeddings|LLMs|Vector DBs|Search Systems|LangChain|Python|Communication|Agile|Research,1,0.06666666666666667,OBSERVED
required_skills,LLMs|Python|Transformers|Text Processing|BERT|Hugging Face|Cloud|Research|SQL,1,0.06666666666666667,OBSERVED
required_skills,Computer Vision|C++|Simulation|Linux|Research|Problem Solving,1,0.06666666666666667,OBSERVED
required_skills,SQL|Statistics|Scikit-learn|ML Algorithms|Data Visualization|Leadership|Linux,1,0.06666666666666667,OBSERVED
required_skills,MLOps|Python|PyTorch|SQL|Agile|Statistics|Linux,1,0.06666666666666667,OBSERVED
required_skills,Communication|Python|SQL|Agile|Git|SQL,1,0.06666666666666667,OBSERVED
required_skills,Research|Ethics Frameworks|Communication|Research|Problem Solving|Cloud,1,0.06666666666666667,OBSERVED
required_skills,LLMs|Transformers|BERT|Hugging Face|Agile|Problem Solving,1,0.06666666666666667,OBSERVED
required_skills,Networking|Kubernetes|CUDA|Distributed Systems|Storage|Cloud|Leadership|Statistics|Cloud,1,0.06666666666666667,OBSERVED
required_skills,CUDA|GPU Computing|TensorFlow|Python|Neural Networks|Communication|Statistics,1,0.06666666666666667,OBSERVED
required_skills,LLM APIs|Python|Testing|Agile|Cloud|Leadership,1,0.06666666666666667,OBSERVED
required_skills,MLOps|Distributed Systems|System Design|LLM Fine-tuning|PyTorch|Python|Problem Solving|SQL|Git,1,0.06666666666666667,OBSERVED
required_skills,Cloud (AWS/GCP/Azure)|PyTorch|Python|Docker|LLM Integration|Problem Solving|Communication|Cloud,1,0.06666666666666667,OBSERVED
required_skills,Monitoring|CI/CD|Docker|Cloud|Kubernetes|Problem Solving,1,0.06666666666666667,OBSERVED
required_skills,Data Visualization|Communication|Python|Problem Solving,1,0.06666666666666667,OBSERVED
required_skills,Scikit-learn|Python|SQL|Statistics|Git,1,0.06666666666666667,OBSERVED
required_skills,GPU Computing|PyTorch|TensorFlow|CUDA|Neural Networks|SQL,1,0.06666666666666667,OBSERVED
required_skills,Python|LLM APIs|Prompt Design|NLP|Documentation|Testing|Research|Linux|Git,1,0.06666666666666667,OBSERVED
required_skills,Fine-tuning|Python|GenAI APIs|Git|Problem Solving|Communication,1,0.06666666666666667,OBSERVED
required_skills,Text Processing|Transformers|LLMs|Python|BERT|Hugging Face|Research,1,0.06666666666666667,OBSERVED
required_skills,Distributed Systems|LLM Fine-tuning|MLOps|PyTorch|System Design|SQL|Git|Communication,1,0.06666666666666667,OBSERVED
required_skills,Cloud|CUDA|Storage|Kubernetes|Distributed Systems|Communication,1,0.06666666666666667,OBSERVED
required_skills,LLMs|Python|Embeddings|Vector DBs|Search Systems|LangChain|Statistics|Agile,1,0.06666666666666667,OBSERVED
required_skills,Python|Scikit-learn|SQL|ML Algorithms|Data Visualization|Research|Agile|Communication,1,0.06666666666666667,OBSERVED
required_skills,Prompt Design|Python|Testing|NLP|Documentation|LLM APIs|Git,1,0.06666666666666667,OBSERVED
required_skills,OpenCV|CNNs|PyTorch|Python|SQL|Agile,1,0.06666666666666667,OBSERVED
required_skills,dbt|Spark|Python|Airflow|SQL|Cloud|Git,1,0.06666666666666667,OBSERVED
required_skills,Leadership|Python|ML|Causal Inference|Advanced Statistics|Deep Learning|Statistics,1,0.06666666666666667,OBSERVED
required_skills,Python|LangChain|APIs|Tool Use|Planning Systems|AutoGen|Problem Solving,1,0.06666666666666667,OBSERVED
required_skills,Search Systems|Python|LLMs|Embeddings|Vector DBs|Problem Solving|Cloud,1,0.06666666666666667,OBSERVED
required_skills,SQL|Scikit-learn|Statistics|Data Visualization|SQL,1,0.06666666666666667,OBSERVED
required_skills,Documentation|Testing|Prompt Design|NLP|Python|LLM APIs|Leadership|Linux,1,0.06666666666666667,OBSERVED
required_skills,Diffusion Models|Deployment|Python|GenAI APIs|Fine-tuning|LLMs|Agile|Statistics|Linux,1,0.06666666666666667,OBSERVED
required_skills,Diffusion Models|Deployment|GenAI APIs|LLMs|Statistics,1,0.06666666666666667,OBSERVED
required_skills,Vector DBs|LangChain|Python|SQL|Leadership,1,0.06666666666666667,OBSERVED
required_skills,APIs|Fine-tuning|Vision-Language Models|Linux|Statistics,1,0.06666666666666667,OBSERVED
required_skills,Business Analysis|Data Visualization|Python|SQL|Agile,1,0.06666666666666667,OBSERVED
required_skills,LLMs|Search Systems|Python|LangChain|Embeddings|Communication|Statistics|Problem Solving,1,0.06666666666666667,OBSERVED
required_skills,Prompt Design|LLM APIs|Documentation|NLP|Cloud,1,0.06666666666666667,OBSERVED
required_skills,System Design|Distributed Systems|PyTorch|MLOps|Python|LLM Fine-tuning|Git|Leadership|Communication,1,0.06666666666666667,OBSERVED
required_skills,GPU Computing|CUDA|Neural Networks|TensorFlow|PyTorch|Python|Research,1,0.06666666666666667,OBSERVED
required_skills,Python|Airflow|dbt|ETL|Feature Stores|SQL|Spark|Research,1,0.06666666666666667,OBSERVED
required_skills,Python|TensorFlow|CUDA|GPU Computing|Neural Networks|PyTorch|Research,1,0.06666666666666667,OBSERVED
required_skills,APIs|PyTorch|Vision-Language Models|Python|Fine-tuning|Problem Solving,1,0.06666666666666667,OBSERVED
required_skills,Networking|Distributed Systems|CUDA|Statistics,1,0.06666666666666667,OBSERVED
required_skills,PyTorch|Docker|Cloud (AWS/GCP/Azure)|Python|SQL,1,0.06666666666666667,OBSERVED
required_skills,Cloud|Kubernetes|Docker|CI/CD|Monitoring|MLflow|Leadership|Problem Solving,1,0.06666666666666667,OBSERVED
required_skills,Prompt Engineering|Vector DBs|Python|LLM APIs|RAG|Communication|Research,1,0.06666666666666667,OBSERVED
required_skills,Transformers|Text Processing|Python|Hugging Face|BERT|Linux|Research|Leadership,1,0.06666666666666667,OBSERVED
required_skills,Prompt Design|Testing|Documentation|Cloud|Git,1,0.06666666666666667,OBSERVED
required_skills,Python|Cloud (AWS/GCP/Azure)|Docker|PyTorch|LLM Integration|SQL|Cloud,1,0.06666666666666667,OBSERVED
required_skills,ML Algorithms|Scikit-learn|Data Visualization|SQL|Linux,1,0.06666666666666667,OBSERVED
required_skills,AI Literacy|Stakeholder Mgmt|Data Analysis|Product Strategy|Agile|Git|Statistics,1,0.06666666666666667,OBSERVED
required_skills,Storage|Kubernetes|CUDA|Networking|Cloud|Distributed Systems|Agile|Problem Solving,1,0.06666666666666667,OBSERVED
required_skills,Testing|Prompt Design|Python|LLM APIs|NLP|SQL,1,0.06666666666666667,OBSERVED
required_skills,Fine-tuning|PyTorch|Vision-Language Models|Agile|Communication,1,0.06666666666666667,OBSERVED
required_skills,Distributed Systems|Kubernetes|Networking|Statistics,1,0.06666666666666667,OBSERVED
required_skills,Kubernetes|Distributed Systems|Cloud|Networking|Problem Solving|Statistics|Research,1,0.06666666666666667,OBSERVED
required_skills,SQL|Feature Stores|Python|Spark|ETL|dbt|Git|Agile,1,0.06666666666666667,OBSERVED
required_skills,Kubernetes|CUDA|Cloud|Storage|Distributed Systems|Problem Solving|Linux|Leadership,1,0.06666666666666667,OBSERVED
required_skills,MLOps|LLM Fine-tuning|System Design|Agile|Research|Communication,1,0.06666666666666667,OBSERVED
required_skills,Neural Networks|PyTorch|TensorFlow|CUDA|Python|Communication|Research,1,0.06666666666666667,OBSERVED
required_skills,NLP|Testing|Documentation|LLM APIs|Research|SQL,1,0.06666666666666667,OBSERVED
required_skills,CI/CD|Kubernetes|Docker|Statistics|Cloud|Problem Solving,1,0.06666666666666667,OBSERVED
required_skills,LLM Integration|Docker|Cloud (AWS/GCP/Azure)|Problem Solving|Linux|Cloud,1,0.06666666666666667,OBSERVED
required_skills,Deep Learning|Leadership|ML|Causal Inference|Advanced Statistics|SQL|Statistics,1,0.06666666666666667,OBSERVED
required_skills,APIs|Python|Tool Use|Planning Systems|Problem Solving|Cloud|Linux,1,0.06666666666666667,OBSERVED
required_skills,Leadership|Advanced Statistics|Deep Learning|Statistics|Research|Cloud,1,0.06666666666666667,OBSERVED
required_skills,PyTorch|Vision-Language Models|APIs|Fine-tuning|Python|Research|Statistics|Problem Solving,1,0.06666666666666667,OBSERVED
required_skills,Fine-tuning|RAG|Vector DBs|Research|Communication|Leadership,1,0.06666666666666667,OBSERVED
required_skills,Text Processing|LLMs|Python|BERT|Hugging Face|Leadership,1,0.06666666666666667,OBSERVED
required_skills,Python|Vector DBs|Search Systems|Linux|Research|Git,1,0.06666666666666667,OBSERVED
required_skills,AI Literacy|Product Strategy|Data Analysis|Agile|Research|Agile|Linux,1,0.06666666666666667,OBSERVED
required_skills,LLM APIs|RAG|Fine-tuning|Python|Agile,1,0.06666666666666667,OBSERVED
required_skills,Data Visualization|Communication|Business Analysis|SQL|Communication|Research,1,0.06666666666666667,OBSERVED
required_skills,Control Systems|C++|ROS|Simulation|Computer Vision|Python|Leadership|Communication|Linux,1,0.06666666666666667,OBSERVED
required_skills,Cybersecurity|Red Teaming|Python|ML Security|Risk Analysis|Agile|SQL,1,0.06666666666666667,OBSERVED
required_skills,System Design|MLOps|LLM Fine-tuning|PyTorch|Distributed Systems|Python|Leadership|Linux|Statistics,1,0.06666666666666667,OBSERVED
required_skills,Risk Management|Legal Knowledge|Auditing|Agile,1,0.06666666666666667,OBSERVED
required_skills,Communication|Data Visualization|SQL|Business Analysis|Cloud|Linux,1,0.06666666666666667,OBSERVED
required_skills,Communication|Python|Data Visualization|Business Analysis|SQL|Leadership,1,0.06666666666666667,OBSERVED
required_skills,LangChain|Planning Systems|Tool Use|Python|AutoGen|APIs|Linux|Research|SQL,1,0.06666666666666667,OBSERVED
required_skills,AutoGen|Tool Use|Python|Communication,1,0.06666666666666667,OBSERVED
required_skills,PyTorch|GPU Computing|TensorFlow|CUDA|Neural Networks|Python|Statistics|Agile|Leadership,1,0.06666666666666667,OBSERVED
required_skills,Python|TensorFlow|Neural Networks|PyTorch|Communication,1,0.06666666666666667,OBSERVED
required_skills,OpenCV|Image Processing|CNNs|Python|SQL|Leadership|Problem Solving,1,0.06666666666666667,OBSERVED
required_skills,Distributed Systems|MLOps|Python|LLM Fine-tuning|PyTorch|System Design|Leadership,1,0.06666666666666667,OBSERVED
required_skills,SQL|ML Algorithms|Scikit-learn|Python|Statistics|Research|Communication,1,0.06666666666666667,OBSERVED
required_skills,APIs|Planning Systems|Python|Cloud|SQL|Leadership,1,0.06666666666666667,OBSERVED
required_skills,Python|Documentation|LLM APIs|Prompt Design|NLP|Testing|Cloud,1,0.06666666666666667,OBSERVED
required_skills,Vector DBs|Python|Prompt Engineering|Fine-tuning|Agile,1,0.06666666666666667,OBSERVED
required_skills,Feature Stores|Spark|ETL|Airflow|dbt|SQL|Python|Statistics|SQL|Communication,1,0.06666666666666667,OBSERVED
required_skills,Data Analysis|Stakeholder Mgmt|Agile|Cloud|Problem Solving|Statistics,1,0.06666666666666667,OBSERVED
required_skills,LLM APIs|Python|Documentation|Agile|Linux,1,0.06666666666666667,OBSERVED
required_skills,Risk Analysis|Cybersecurity|Python|ML Security|Red Teaming|Git,1,0.06666666666666667,OBSERVED
required_skills,LLM Fine-tuning|Distributed Systems|MLOps|Python|System Design|Agile|Cloud|Statistics,1,0.06666666666666667,OBSERVED
required_skills,Testing|Documentation|Python|NLP|LLM APIs|Problem Solving|Research,1,0.06666666666666667,OBSERVED
required_skills,Documentation|NLP|Python|Testing|LLM APIs|Communication|Cloud|Statistics,1,0.06666666666666667,OBSERVED
required_skills,Prompt Design|LLM APIs|Documentation|Cloud|Leadership|Communication,1,0.06666666666666667,OBSERVED
required_skills,Documentation|Python|Prompt Design|Problem Solving,1,0.06666666666666667,OBSERVED
salary_tier,Senior ($200-300k),467,31.133333333333336,OBSERVED
salary_tier,Upper-Mid ($150-200k),430,28.666666666666668,OBSERVED
salary_tier,Mid ($100-150k),396,26.400000000000002,OBSERVED
salary_tier,Elite (>$300k),140,9.333333333333334,OBSERVED
salary_tier,Entry (<$100k),67,4.466666666666667,OBSERVED
